title,price,rating,reviews,availability,link
"PS5 - Sony PlayStation 5 Digital Edition Gaming Console + Wireless Controller - 16GB GDDR6 RAM, 825GB SSD, 120Hz 8K Output, White",,4.4 out of 5 stars,(273),Not Available,https://www.amazon.com/PS5-Playstation-Digital-Wireless-Controller/dp/B0966NLTZS/ref=sr_1_1?dib=eyJ2IjoiMSJ9.AC33kQw9D50ZZUPtemZNwXQGS3nDeGiv2XicaBlzrqB0Onz_MJjGEubPGe9hp7pNePwpkBLq1_6eFwyVs2Tswo7lSHiGASupIZNNxI5rFCX4pJR7B-fATW6O4S0_RcR2vrqRMlj5YSJq1A_RVP9qc897vO3e0hAR_kvyUJAuYadRvyk0uEMGKPcw_ncrw7KNOTOjUHX2enmxDIQP2sQTOSy_M4gb8rkYFDheCCjjGbg.amXE2jWhQYYxy0PoDlbZRIi_nx-yCQbxBiPcm17EWY0&dib_tag=se&keywords=playstation+5&qid=1775469640&sr=8-1
PlayStation 5 Disc Edition Console (slim),,4.7 out of 5 stars,"(5,249)",Only 11 left in stock - order soon.,https://www.amazon.com/PlayStation%C2%AE5-console-slim-PlayStation-5/dp/B0CL61F39H/ref=sr_1_2?dib=eyJ2IjoiMSJ9.AC33kQw9D50ZZUPtemZNwXQGS3nDeGiv2XicaBlzrqB0Onz_MJjGEubPGe9hp7pNePwpkBLq1_6eFwyVs2Tswo7lSHiGASupIZNNxI5rFCX4pJR7B-fATW6O4S0_RcR2vrqRMlj5YSJq1A_RVP9qc897vO3e0hAR_kvyUJAuYadRvyk0uEMGKPcw_ncrw7KNOTOjUHX2enmxDIQP2sQTOSy_M4gb8rkYFDheCCjjGbg.amXE2jWhQYYxy0PoDlbZRIi_nx-yCQbxBiPcm17EWY0&dib_tag=se&keywords=playstation+5&qid=1775469640&sr=8-2
"Sony PlayStation 5 PS5 Disc Version Gaming Console, 4K Blu-ray Player, 16GB GDDR6 Memory, Ultra-High Speed 825GB SSD, WiFi 6, Bluetooth 5.1, 120Hz 8K Output",,4.8 out of 5 stars,(6),Not Available,https://www.amazon.com/Sony-Playstation-Version-Ultra-High-Bluetooth/dp/B09W14BJF1/ref=sr_1_3?dib=eyJ2IjoiMSJ9.AC33kQw9D50ZZUPtemZNwXQGS3nDeGiv2XicaBlzrqB0Onz_MJjGEubPGe9hp7pNePwpkBLq1_6eFwyVs2Tswo7lSHiGASupIZNNxI5rFCX4pJR7B-fATW6O4S0_RcR2vrqRMlj5YSJq1A_RVP9qc897vO3e0hAR_kvyUJAuYadRvyk0uEMGKPcw_ncrw7KNOTOjUHX2enmxDIQP2sQTOSy_M4gb8rkYFDheCCjjGbg.amXE2jWhQYYxy0PoDlbZRIi_nx-yCQbxBiPcm17EWY0&dib_tag=se&keywords=playstation+5&qid=1775469640&sr=8-3
PlayStation 5 Console – NBA 2K26 Bundle (model Group),,4.6 out of 5 stars,(202),Not Available,https://www.amazon.com/PlayStation-Console-Bundle-model-Group-5/dp/B0FLYKJB68/ref=sr_1_4?dib=eyJ2IjoiMSJ9.AC33kQw9D50ZZUPtemZNwXQGS3nDeGiv2XicaBlzrqB0Onz_MJjGEubPGe9hp7pNePwpkBLq1_6eFwyVs2Tswo7lSHiGASupIZNNxI5rFCX4pJR7B-fATW6O4S0_RcR2vrqRMlj5YSJq1A_RVP9qc897vO3e0hAR_kvyUJAuYadRvyk0uEMGKPcw_ncrw7KNOTOjUHX2enmxDIQP2sQTOSy_M4gb8rkYFDheCCjjGbg.amXE2jWhQYYxy0PoDlbZRIi_nx-yCQbxBiPcm17EWY0&dib_tag=se&keywords=playstation+5&qid=1775469640&sr=8-4
PlayStation PS5 Console – God of War Ragnarök Bundle,,4.8 out of 5 stars,"(13,894)",Not Available,https://www.amazon.com/PlayStation-PS5-Console-Ragnar%C3%B6k-Bundle-5/dp/B0BHC395WW/ref=sr_1_5?dib=eyJ2IjoiMSJ9.AC33kQw9D50ZZUPtemZNwXQGS3nDeGiv2XicaBlzrqB0Onz_MJjGEubPGe9hp7pNePwpkBLq1_6eFwyVs2Tswo7lSHiGASupIZNNxI5rFCX4pJR7B-fATW6O4S0_RcR2vrqRMlj5YSJq1A_RVP9qc897vO3e0hAR_kvyUJAuYadRvyk0uEMGKPcw_ncrw7KNOTOjUHX2enmxDIQP2sQTOSy_M4gb8rkYFDheCCjjGbg.amXE2jWhQYYxy0PoDlbZRIi_nx-yCQbxBiPcm17EWY0&dib_tag=se&keywords=playstation+5&qid=1775469640&sr=8-5
PlayStation 5 Console (PS5),,4.8 out of 5 stars,"(9,172)",Only 1 left in stock - order soon.,https://www.amazon.com/PlayStation-5-Console-CFI-1215A01X/dp/B0BCNKKZ91/ref=sr_1_6?dib=eyJ2IjoiMSJ9.AC33kQw9D50ZZUPtemZNwXQGS3nDeGiv2XicaBlzrqB0Onz_MJjGEubPGe9hp7pNePwpkBLq1_6eFwyVs2Tswo7lSHiGASupIZNNxI5rFCX4pJR7B-fATW6O4S0_RcR2vrqRMlj5YSJq1A_RVP9qc897vO3e0hAR_kvyUJAuYadRvyk0uEMGKPcw_ncrw7KNOTOjUHX2enmxDIQP2sQTOSy_M4gb8rkYFDheCCjjGbg.amXE2jWhQYYxy0PoDlbZRIi_nx-yCQbxBiPcm17EWY0&dib_tag=se&keywords=playstation+5&qid=1775469640&sr=8-6
PlayStation 5 Console – Marvel’s Spider-Man 2 Bundle,,4.6 out of 5 stars,(278),Only 1 left in stock - order soon.,https://www.amazon.com/PlayStation-Console-Marvels-Spider-Man-Bundle-5/dp/B0CKDL29G6/ref=sr_1_7?dib=eyJ2IjoiMSJ9.AC33kQw9D50ZZUPtemZNwXQGS3nDeGiv2XicaBlzrqB0Onz_MJjGEubPGe9hp7pNePwpkBLq1_6eFwyVs2Tswo7lSHiGASupIZNNxI5rFCX4pJR7B-fATW6O4S0_RcR2vrqRMlj5YSJq1A_RVP9qc897vO3e0hAR_kvyUJAuYadRvyk0uEMGKPcw_ncrw7KNOTOjUHX2enmxDIQP2sQTOSy_M4gb8rkYFDheCCjjGbg.amXE2jWhQYYxy0PoDlbZRIi_nx-yCQbxBiPcm17EWY0&dib_tag=se&keywords=playstation+5&qid=1775469640&sr=8-7
"PlayStation DualSense™ Wireless Controller - for PS5, PC, MAC & Mobile",,4.7 out of 5 stars,"(12,914)",In Stock,https://www.amazon.com/PlayStation-DualSenseTM-Wireless-Controller-Gaming-Console/dp/B0FY6X2XXY/ref=sr_1_8?dib=eyJ2IjoiMSJ9.AC33kQw9D50ZZUPtemZNwXQGS3nDeGiv2XicaBlzrqB0Onz_MJjGEubPGe9hp7pNePwpkBLq1_6eFwyVs2Tswo7lSHiGASupIZNNxI5rFCX4pJR7B-fATW6O4S0_RcR2vrqRMlj5YSJq1A_RVP9qc897vO3e0hAR_kvyUJAuYadRvyk0uEMGKPcw_ncrw7KNOTOjUHX2enmxDIQP2sQTOSy_M4gb8rkYFDheCCjjGbg.amXE2jWhQYYxy0PoDlbZRIi_nx-yCQbxBiPcm17EWY0&dib_tag=se&keywords=playstation+5&qid=1775469640&sr=8-8
Marvel's Spider-Man: Miles Morales - PlayStation 5,,4.8 out of 5 stars,"(1,456)",In Stock,https://www.amazon.com/Marvels-Spider-Man-Miles-Morales-Playstation-5/dp/B08QFZCGVJ/ref=sr_1_9?dib=eyJ2IjoiMSJ9.AC33kQw9D50ZZUPtemZNwXQGS3nDeGiv2XicaBlzrqB0Onz_MJjGEubPGe9hp7pNePwpkBLq1_6eFwyVs2Tswo7lSHiGASupIZNNxI5rFCX4pJR7B-fATW6O4S0_RcR2vrqRMlj5YSJq1A_RVP9qc897vO3e0hAR_kvyUJAuYadRvyk0uEMGKPcw_ncrw7KNOTOjUHX2enmxDIQP2sQTOSy_M4gb8rkYFDheCCjjGbg.amXE2jWhQYYxy0PoDlbZRIi_nx-yCQbxBiPcm17EWY0&dib_tag=se&keywords=playstation+5&qid=1775469640&sr=8-9
REANIMAL - PlayStation 5,,4.4 out of 5 stars,(48),In Stock,https://www.amazon.com/REANIMAL-PlayStation-5/dp/B0FKWMRB5M/ref=sr_1_10?dib=eyJ2IjoiMSJ9.AC33kQw9D50ZZUPtemZNwXQGS3nDeGiv2XicaBlzrqB0Onz_MJjGEubPGe9hp7pNePwpkBLq1_6eFwyVs2Tswo7lSHiGASupIZNNxI5rFCX4pJR7B-fATW6O4S0_RcR2vrqRMlj5YSJq1A_RVP9qc897vO3e0hAR_kvyUJAuYadRvyk0uEMGKPcw_ncrw7KNOTOjUHX2enmxDIQP2sQTOSy_M4gb8rkYFDheCCjjGbg.amXE2jWhQYYxy0PoDlbZRIi_nx-yCQbxBiPcm17EWY0&dib_tag=se&keywords=playstation+5&qid=1775469640&sr=8-10
Riders Republic PlayStation 5 Standard Edition,,4.4 out of 5 stars,"(1,507)",In Stock,https://www.amazon.com/Riders-Republic-PlayStation-5-Standard/dp/B08HTP8BKG/ref=sr_1_11?dib=eyJ2IjoiMSJ9.AC33kQw9D50ZZUPtemZNwXQGS3nDeGiv2XicaBlzrqB0Onz_MJjGEubPGe9hp7pNePwpkBLq1_6eFwyVs2Tswo7lSHiGASupIZNNxI5rFCX4pJR7B-fATW6O4S0_RcR2vrqRMlj5YSJq1A_RVP9qc897vO3e0hAR_kvyUJAuYadRvyk0uEMGKPcw_ncrw7KNOTOjUHX2enmxDIQP2sQTOSy_M4gb8rkYFDheCCjjGbg.amXE2jWhQYYxy0PoDlbZRIi_nx-yCQbxBiPcm17EWY0&dib_tag=se&keywords=playstation+5&qid=1775469640&sr=8-11
Nintendo Switch 2 System,,4.7 out of 5 stars,"(2,282)",Not Available,https://www.amazon.com/Nintendo-Switch-2-System/dp/B0F3GWXLTS/ref=sr_1_12?dib=eyJ2IjoiMSJ9.AC33kQw9D50ZZUPtemZNwXQGS3nDeGiv2XicaBlzrqB0Onz_MJjGEubPGe9hp7pNePwpkBLq1_6eFwyVs2Tswo7lSHiGASupIZNNxI5rFCX4pJR7B-fATW6O4S0_RcR2vrqRMlj5YSJq1A_RVP9qc897vO3e0hAR_kvyUJAuYadRvyk0uEMGKPcw_ncrw7KNOTOjUHX2enmxDIQP2sQTOSy_M4gb8rkYFDheCCjjGbg.amXE2jWhQYYxy0PoDlbZRIi_nx-yCQbxBiPcm17EWY0&dib_tag=se&keywords=playstation+5&qid=1775469640&sr=8-12
$10 -PlayStation Store Gift Card [Digital Code],,4.6 out of 5 stars,"(276,628)",Available now,https://www.amazon.com/PlayStation-Store-Gift-Card-Digital/dp/B00GAC1D2G/ref=sr_1_13?dib=eyJ2IjoiMSJ9.AC33kQw9D50ZZUPtemZNwXQGS3nDeGiv2XicaBlzrqB0Onz_MJjGEubPGe9hp7pNePwpkBLq1_6eFwyVs2Tswo7lSHiGASupIZNNxI5rFCX4pJR7B-fATW6O4S0_RcR2vrqRMlj5YSJq1A_RVP9qc897vO3e0hAR_kvyUJAuYadRvyk0uEMGKPcw_ncrw7KNOTOjUHX2enmxDIQP2sQTOSy_M4gb8rkYFDheCCjjGbg.amXE2jWhQYYxy0PoDlbZRIi_nx-yCQbxBiPcm17EWY0&dib_tag=se&keywords=playstation+5&qid=1775469640&sr=8-13
PlayStation DualSense™ Wireless Controller – Chroma Teal,,4.7 out of 5 stars,"(21,082)",In Stock,https://www.amazon.com/PlayStation-DualSenseTM-Wireless-Controller-Gaming-Console/dp/B0DHY8DC6R/ref=sr_1_14?dib=eyJ2IjoiMSJ9.AC33kQw9D50ZZUPtemZNwXQGS3nDeGiv2XicaBlzrqB0Onz_MJjGEubPGe9hp7pNePwpkBLq1_6eFwyVs2Tswo7lSHiGASupIZNNxI5rFCX4pJR7B-fATW6O4S0_RcR2vrqRMlj5YSJq1A_RVP9qc897vO3e0hAR_kvyUJAuYadRvyk0uEMGKPcw_ncrw7KNOTOjUHX2enmxDIQP2sQTOSy_M4gb8rkYFDheCCjjGbg.amXE2jWhQYYxy0PoDlbZRIi_nx-yCQbxBiPcm17EWY0&dib_tag=se&keywords=playstation+5&qid=1775469640&sr=8-14
PlayStation DualSense Wireless Controller - Volcanic Red,,4.8 out of 5 stars,"(2,966)",In Stock,https://www.amazon.com/PlayStation-DualSense-Wireless-Controller-Gaming-Console/dp/B0CJT9WCRD/ref=sr_1_15?dib=eyJ2IjoiMSJ9.AC33kQw9D50ZZUPtemZNwXQGS3nDeGiv2XicaBlzrqB0Onz_MJjGEubPGe9hp7pNePwpkBLq1_6eFwyVs2Tswo7lSHiGASupIZNNxI5rFCX4pJR7B-fATW6O4S0_RcR2vrqRMlj5YSJq1A_RVP9qc897vO3e0hAR_kvyUJAuYadRvyk0uEMGKPcw_ncrw7KNOTOjUHX2enmxDIQP2sQTOSy_M4gb8rkYFDheCCjjGbg.amXE2jWhQYYxy0PoDlbZRIi_nx-yCQbxBiPcm17EWY0&dib_tag=se&keywords=playstation+5&qid=1775469640&sr=8-15
Mouse: P.I. For Hire: The Mouseburg Edition - PlayStation 5,,Previous set of slides,,"This item will be released on July 10, 2026.",https://www.amazon.com/Mouse-P-I-Hire-Mouseburg-PlayStation-5/dp/B0GTRBDG18/ref=sr_1_16?dib=eyJ2IjoiMSJ9.AC33kQw9D50ZZUPtemZNwXQGS3nDeGiv2XicaBlzrqB0Onz_MJjGEubPGe9hp7pNePwpkBLq1_6eFwyVs2Tswo7lSHiGASupIZNNxI5rFCX4pJR7B-fATW6O4S0_RcR2vrqRMlj5YSJq1A_RVP9qc897vO3e0hAR_kvyUJAuYadRvyk0uEMGKPcw_ncrw7KNOTOjUHX2enmxDIQP2sQTOSy_M4gb8rkYFDheCCjjGbg.amXE2jWhQYYxy0PoDlbZRIi_nx-yCQbxBiPcm17EWY0&dib_tag=se&keywords=playstation+5&qid=1775469640&sr=8-16
"PS5/Slim Cooling Station for PS5 Disc&Digital, PS5 Cooling Stand with Dual Controller Charging for PlayStation 5 Console, Multi-Function PlayStation 5 Accessories Controller Charger with Storage Slot",,4.5 out of 5 stars,(169),In Stock,https://www.amazon.com/sspa/click?ie=UTF8&spc=MTo3MjM4MDM4OTU2ODU3NDgxOjE3NzU0Njk2NDQ6c3BfYXRmX25leHQ6MzAxMjEwMTcyNDM0NDAyOjowOjo&url=%2FController-Charging-PlayStation-Multi-Function-Accessories%2Fdp%2FB0DY7S81L7%2Fref%3Dsr_1_17_sspa%3Fdib%3DeyJ2IjoiMSJ9.okuDg5cK9VLoMm3f7xnY7un_LJ8fnkrfhVi4Lh-XnzeyDP81HTnAynjOPM9nm-wdUg5RDOvGDd-kyDlx_SY9iNLbgm9SdW1Z_qOCqAKk3eYTqI5V98VgkSUK53cIzcdiNDSsbSgnrVbuDr4rdV76WHFgb21s6F3nRD_v_KSB7uWBdOxngqgM3D1BOLZzC-WT2K1zlaZdP-q4AYWgDb12HU5_qECKsWrD1PqVHz70FO4.vPpNzs6DoJFJtebQbZQmC1uehjQDHdz6s-EtuvPm684%26dib_tag%3Dse%26keywords%3Dplaystation%2B5%26qid%3D1775469644%26sr%3D8-17-spons%26sp_csd%3Dd2lkZ2V0TmFtZT1zcF9hdGZfbmV4dA%26psc%3D1
"Carry Case designed for Playstation Portal remote player for PS5 Console holds accessories, Travel and Storage Protection for headset charger and more WHITE/BLACK - Easy Clean Case Gift box Edition",,4.7 out of 5 stars,"(3,918)",In Stock,https://www.amazon.com/sspa/click?ie=UTF8&spc=MTo3MjM4MDM4OTU2ODU3NDgxOjE3NzU0Njk2NDQ6c3BfYXRmX25leHQ6MzAwMTExNjAyOTM4NDAyOjowOjo&url=%2Fdesigned-Playstation-Console-accessories-Protection-5%2Fdp%2FB0CNQ3Q7PG%2Fref%3Dsr_1_18_sspa%3Fdib%3DeyJ2IjoiMSJ9.okuDg5cK9VLoMm3f7xnY7un_LJ8fnkrfhVi4Lh-XnzeyDP81HTnAynjOPM9nm-wdUg5RDOvGDd-kyDlx_SY9iNLbgm9SdW1Z_qOCqAKk3eYTqI5V98VgkSUK53cIzcdiNDSsbSgnrVbuDr4rdV76WHFgb21s6F3nRD_v_KSB7uWBdOxngqgM3D1BOLZzC-WT2K1zlaZdP-q4AYWgDb12HU5_qECKsWrD1PqVHz70FO4.vPpNzs6DoJFJtebQbZQmC1uehjQDHdz6s-EtuvPm684%26dib_tag%3Dse%26keywords%3Dplaystation%2B5%26qid%3D1775469644%26sr%3D8-18-spons%26sp_csd%3Dd2lkZ2V0TmFtZT1zcF9hdGZfbmV4dA%26psc%3D1
PlayStation 4,,4.5 out of 5 stars,"(13,813)",Only 1 left in stock - order soon.,https://www.amazon.com/PlayStation-500GB-Console-Model-Discontinued-4/dp/B00BGA9WK2/ref=sr_1_19?dib=eyJ2IjoiMSJ9.okuDg5cK9VLoMm3f7xnY7un_LJ8fnkrfhVi4Lh-XnzeyDP81HTnAynjOPM9nm-wdUg5RDOvGDd-kyDlx_SY9iNLbgm9SdW1Z_qOCqAKk3eYTqI5V98VgkSUK53cIzcdiNDSsbSgnrVbuDr4rdV76WHFgb21s6F3nRD_v_KSB7uWBdOxngqgM3D1BOLZzC-WT2K1zlaZdP-q4AYWgDb12HU5_qECKsWrD1PqVHz70FO4.vPpNzs6DoJFJtebQbZQmC1uehjQDHdz6s-EtuvPm684&dib_tag=se&keywords=playstation+5&qid=1775469644&sr=8-19
PlayStation®5 console – 1TB,,4.7 out of 5 stars,(613),Not Available,https://www.amazon.com/PlayStation%C2%AE5-console-1TB-PlayStation-5/dp/B0FRGTYSL5/ref=sr_1_20?dib=eyJ2IjoiMSJ9.okuDg5cK9VLoMm3f7xnY7un_LJ8fnkrfhVi4Lh-XnzeyDP81HTnAynjOPM9nm-wdUg5RDOvGDd-kyDlx_SY9iNLbgm9SdW1Z_qOCqAKk3eYTqI5V98VgkSUK53cIzcdiNDSsbSgnrVbuDr4rdV76WHFgb21s6F3nRD_v_KSB7uWBdOxngqgM3D1BOLZzC-WT2K1zlaZdP-q4AYWgDb12HU5_qECKsWrD1PqVHz70FO4.vPpNzs6DoJFJtebQbZQmC1uehjQDHdz6s-EtuvPm684&dib_tag=se&keywords=playstation+5&qid=1775469644&sr=8-20
PlayStation®5 Digital Edition 825GB – Fortnite Flowering Chaos Bundle,,4.7 out of 5 stars,(668),Not Available,https://www.amazon.com/PlayStation%C2%AE5-Digital-825GB-Flowering-PlayStation-5/dp/B0FRSZT2H5/ref=sr_1_21?dib=eyJ2IjoiMSJ9.okuDg5cK9VLoMm3f7xnY7un_LJ8fnkrfhVi4Lh-XnzeyDP81HTnAynjOPM9nm-wdUg5RDOvGDd-kyDlx_SY9iNLbgm9SdW1Z_qOCqAKk3eYTqI5V98VgkSUK53cIzcdiNDSsbSgnrVbuDr4rdV76WHFgb21s6F3nRD_v_KSB7uWBdOxngqgM3D1BOLZzC-WT2K1zlaZdP-q4AYWgDb12HU5_qECKsWrD1PqVHz70FO4.vPpNzs6DoJFJtebQbZQmC1uehjQDHdz6s-EtuvPm684&dib_tag=se&keywords=playstation+5&qid=1775469644&sr=8-21
PlayStation 5 Pro Console,,4.6 out of 5 stars,"(2,492)",Not Available,https://www.amazon.com/PlayStation-5-Pro-Console/dp/B0DGY63Z2H/ref=sr_1_22?dib=eyJ2IjoiMSJ9.okuDg5cK9VLoMm3f7xnY7un_LJ8fnkrfhVi4Lh-XnzeyDP81HTnAynjOPM9nm-wdUg5RDOvGDd-kyDlx_SY9iNLbgm9SdW1Z_qOCqAKk3eYTqI5V98VgkSUK53cIzcdiNDSsbSgnrVbuDr4rdV76WHFgb21s6F3nRD_v_KSB7uWBdOxngqgM3D1BOLZzC-WT2K1zlaZdP-q4AYWgDb12HU5_qECKsWrD1PqVHz70FO4.vPpNzs6DoJFJtebQbZQmC1uehjQDHdz6s-EtuvPm684&dib_tag=se&keywords=playstation+5&qid=1775469644&sr=8-22
PlayStation®5 Digital Edition (slim),,4.8 out of 5 stars,"(5,343)",Not Available,https://www.amazon.com/PlayStation%C2%AE5-Digital-slim-PlayStation-5/dp/B0CL5KNB9M/ref=sr_1_23?dib=eyJ2IjoiMSJ9.okuDg5cK9VLoMm3f7xnY7un_LJ8fnkrfhVi4Lh-XnzeyDP81HTnAynjOPM9nm-wdUg5RDOvGDd-kyDlx_SY9iNLbgm9SdW1Z_qOCqAKk3eYTqI5V98VgkSUK53cIzcdiNDSsbSgnrVbuDr4rdV76WHFgb21s6F3nRD_v_KSB7uWBdOxngqgM3D1BOLZzC-WT2K1zlaZdP-q4AYWgDb12HU5_qECKsWrD1PqVHz70FO4.vPpNzs6DoJFJtebQbZQmC1uehjQDHdz6s-EtuvPm684&dib_tag=se&keywords=playstation+5&qid=1775469644&sr=8-23
PlayStation®5 Digital Edition – Call of Duty®: Black Ops 6 Bundle (model group – slim),,4.7 out of 5 stars,(389),Not Available,https://www.amazon.com/Playstation%C2%AE5-Digital-Duty%C2%AE-Bundle-PlayStation-5/dp/B0F6968Y5G/ref=sr_1_24?dib=eyJ2IjoiMSJ9.okuDg5cK9VLoMm3f7xnY7un_LJ8fnkrfhVi4Lh-XnzeyDP81HTnAynjOPM9nm-wdUg5RDOvGDd-kyDlx_SY9iNLbgm9SdW1Z_qOCqAKk3eYTqI5V98VgkSUK53cIzcdiNDSsbSgnrVbuDr4rdV76WHFgb21s6F3nRD_v_KSB7uWBdOxngqgM3D1BOLZzC-WT2K1zlaZdP-q4AYWgDb12HU5_qECKsWrD1PqVHz70FO4.vPpNzs6DoJFJtebQbZQmC1uehjQDHdz6s-EtuvPm684&dib_tag=se&keywords=playstation+5&qid=1775469644&sr=8-24
PlayStation®5 Console – Ghost of Yōtei Gold Limited Edition Bundle (slim),,4.7 out of 5 stars,(264),Not Available,https://www.amazon.com/PlayStation%C2%AE5-Console-Limited-Bundle-PlayStation-5/dp/B0FP6H8BRZ/ref=sr_1_25?dib=eyJ2IjoiMSJ9.okuDg5cK9VLoMm3f7xnY7un_LJ8fnkrfhVi4Lh-XnzeyDP81HTnAynjOPM9nm-wdUg5RDOvGDd-kyDlx_SY9iNLbgm9SdW1Z_qOCqAKk3eYTqI5V98VgkSUK53cIzcdiNDSsbSgnrVbuDr4rdV76WHFgb21s6F3nRD_v_KSB7uWBdOxngqgM3D1BOLZzC-WT2K1zlaZdP-q4AYWgDb12HU5_qECKsWrD1PqVHz70FO4.vPpNzs6DoJFJtebQbZQmC1uehjQDHdz6s-EtuvPm684&dib_tag=se&keywords=playstation+5&qid=1775469644&sr=8-25
PlayStation 5 Console – Marvel’s Spider-Man 2 Limited Edition Bundle,,4.7 out of 5 stars,(544),Not Available,https://www.amazon.com/PlayStation-Console-Marvels-Spider-Man-Limited-5/dp/B0CCSQMBL1/ref=sr_1_26?dib=eyJ2IjoiMSJ9.okuDg5cK9VLoMm3f7xnY7un_LJ8fnkrfhVi4Lh-XnzeyDP81HTnAynjOPM9nm-wdUg5RDOvGDd-kyDlx_SY9iNLbgm9SdW1Z_qOCqAKk3eYTqI5V98VgkSUK53cIzcdiNDSsbSgnrVbuDr4rdV76WHFgb21s6F3nRD_v_KSB7uWBdOxngqgM3D1BOLZzC-WT2K1zlaZdP-q4AYWgDb12HU5_qECKsWrD1PqVHz70FO4.vPpNzs6DoJFJtebQbZQmC1uehjQDHdz6s-EtuvPm684&dib_tag=se&keywords=playstation+5&qid=1775469644&sr=8-26
"PDP Victrix Pro BFG Wireless Gaming Controller, Licensed for PlayStation, PS5/PS4/PC Gamepad, Sony 3D Audio, Modular Buttons/Triggers/Thumbstick, Customizable in App, Tekken 8 Rage Art Black/Pink/Teal",,4.2 out of 5 stars,"(3,697)",In Stock,https://www.amazon.com/sspa/click?ie=UTF8&spc=MTo3MjM4MDM4OTU2ODU3NDgxOjE3NzU0Njk2NDQ6c3BfbXRmOjMwMDM4MTM2MTEwNDIwMjo6MDo6&url=%2FWireless-Controller-Triggers-Joystick-Gaming-Console%2Fdp%2FB0D7WYPB3V%2Fref%3Dsr_1_27_sspa%3Fdib%3DeyJ2IjoiMSJ9.okuDg5cK9VLoMm3f7xnY7un_LJ8fnkrfhVi4Lh-XnzeyDP81HTnAynjOPM9nm-wdUg5RDOvGDd-kyDlx_SY9iNLbgm9SdW1Z_qOCqAKk3eYTqI5V98VgkSUK53cIzcdiNDSsbSgnrVbuDr4rdV76WHFgb21s6F3nRD_v_KSB7uWBdOxngqgM3D1BOLZzC-WT2K1zlaZdP-q4AYWgDb12HU5_qECKsWrD1PqVHz70FO4.vPpNzs6DoJFJtebQbZQmC1uehjQDHdz6s-EtuvPm684%26dib_tag%3Dse%26keywords%3Dplaystation%2B5%26qid%3D1775469644%26sr%3D8-27-spons%26sp_csd%3Dd2lkZ2V0TmFtZT1zcF9tdGY%26psc%3D1
"VioraTech Wireless Controller for PS5 with Hall Effect Joysticks, RGB Lighting, Turbo & Macro Functions, Linear Triggers, 6-Axis Sensor, Dual Vibration, Touchpad, Speaker & 3.5mm Audio Jack – Compatible with PS5/Pro/Slim/Mac/Steam Deck/PC",,3.7 out of 5 stars,(10),In Stock,https://www.amazon.com/sspa/click?ie=UTF8&spc=MTo3MjM4MDM4OTU2ODU3NDgxOjE3NzU0Njk2NDQ6c3BfbXRmOjMwMTIwOTA5NjA1MjAwMjo6MDo6&url=%2FVioraTech-Controller-Joysticks-Play-Station-5%2Fdp%2FB0FXWDV61B%2Fref%3Dsr_1_28_sspa%3Fdib%3DeyJ2IjoiMSJ9.okuDg5cK9VLoMm3f7xnY7un_LJ8fnkrfhVi4Lh-XnzeyDP81HTnAynjOPM9nm-wdUg5RDOvGDd-kyDlx_SY9iNLbgm9SdW1Z_qOCqAKk3eYTqI5V98VgkSUK53cIzcdiNDSsbSgnrVbuDr4rdV76WHFgb21s6F3nRD_v_KSB7uWBdOxngqgM3D1BOLZzC-WT2K1zlaZdP-q4AYWgDb12HU5_qECKsWrD1PqVHz70FO4.vPpNzs6DoJFJtebQbZQmC1uehjQDHdz6s-EtuvPm684%26dib_tag%3Dse%26keywords%3Dplaystation%2B5%26qid%3D1775469644%26sr%3D8-28-spons%26sp_csd%3Dd2lkZ2V0TmFtZT1zcF9tdGY%26psc%3D1
PlayStation®5 Digital Edition - ASTRO BOT Bundle,,4.9 out of 5 stars,(225),Not Available,https://www.amazon.com/PlayStation%C2%AE5-Digital-ASTRO-Bundle-PlayStation-5/dp/B0DWGFJQQ3/ref=sr_1_29?dib=eyJ2IjoiMSJ9.okuDg5cK9VLoMm3f7xnY7un_LJ8fnkrfhVi4Lh-XnzeyDP81HTnAynjOPM9nm-wdUg5RDOvGDd-kyDlx_SY9iNLbgm9SdW1Z_qOCqAKk3eYTqI5V98VgkSUK53cIzcdiNDSsbSgnrVbuDr4rdV76WHFgb21s6F3nRD_v_KSB7uWBdOxngqgM3D1BOLZzC-WT2K1zlaZdP-q4AYWgDb12HU5_qECKsWrD1PqVHz70FO4.vPpNzs6DoJFJtebQbZQmC1uehjQDHdz6s-EtuvPm684&dib_tag=se&keywords=playstation+5&qid=1775469644&sr=8-29
PlayStation PS5 Console - Fortnite Cobalt Star Disc Edition,,4.8 out of 5 stars,"(1,163)",Not Available,https://www.amazon.com/PS5-Console-Fortnite-Cobalt-PlayStation-5/dp/B0DJHF6Q9Z/ref=sr_1_30?dib=eyJ2IjoiMSJ9.okuDg5cK9VLoMm3f7xnY7un_LJ8fnkrfhVi4Lh-XnzeyDP81HTnAynjOPM9nm-wdUg5RDOvGDd-kyDlx_SY9iNLbgm9SdW1Z_qOCqAKk3eYTqI5V98VgkSUK53cIzcdiNDSsbSgnrVbuDr4rdV76WHFgb21s6F3nRD_v_KSB7uWBdOxngqgM3D1BOLZzC-WT2K1zlaZdP-q4AYWgDb12HU5_qECKsWrD1PqVHz70FO4.vPpNzs6DoJFJtebQbZQmC1uehjQDHdz6s-EtuvPm684&dib_tag=se&keywords=playstation+5&qid=1775469644&sr=8-30
PlayStation 5 Slim Console - Marvel’s Spider-Man 2 Bundle,,4.7 out of 5 stars,(789),Not Available,https://www.amazon.com/PlayStation-Slim-Console-Marvels-Spider-Man-5/dp/B0CKZF4N8R/ref=sr_1_31?dib=eyJ2IjoiMSJ9.okuDg5cK9VLoMm3f7xnY7un_LJ8fnkrfhVi4Lh-XnzeyDP81HTnAynjOPM9nm-wdUg5RDOvGDd-kyDlx_SY9iNLbgm9SdW1Z_qOCqAKk3eYTqI5V98VgkSUK53cIzcdiNDSsbSgnrVbuDr4rdV76WHFgb21s6F3nRD_v_KSB7uWBdOxngqgM3D1BOLZzC-WT2K1zlaZdP-q4AYWgDb12HU5_qECKsWrD1PqVHz70FO4.vPpNzs6DoJFJtebQbZQmC1uehjQDHdz6s-EtuvPm684&dib_tag=se&keywords=playstation+5&qid=1775469644&sr=8-31
PlayStation 5 Console - Marvel’s Spider-Man 2 Bundle (slim),,4.8 out of 5 stars,"(5,329)",Not Available,https://www.amazon.com/PlayStation-Console-Marvels-Spider-Man-Bundle-5/dp/B0CKZGY5B6/ref=sr_1_32?dib=eyJ2IjoiMSJ9.okuDg5cK9VLoMm3f7xnY7un_LJ8fnkrfhVi4Lh-XnzeyDP81HTnAynjOPM9nm-wdUg5RDOvGDd-kyDlx_SY9iNLbgm9SdW1Z_qOCqAKk3eYTqI5V98VgkSUK53cIzcdiNDSsbSgnrVbuDr4rdV76WHFgb21s6F3nRD_v_KSB7uWBdOxngqgM3D1BOLZzC-WT2K1zlaZdP-q4AYWgDb12HU5_qECKsWrD1PqVHz70FO4.vPpNzs6DoJFJtebQbZQmC1uehjQDHdz6s-EtuvPm684&dib_tag=se&keywords=playstation+5&qid=1775469644&sr=8-32
PlayStation PS5 Console - Fortnite Cobalt Star Digital Edition,,4.8 out of 5 stars,"(1,012)",Not Available,https://www.amazon.com/PlayStation-PS5-Console-Fortnite-Digital-5/dp/B0DJHG2VVS/ref=sr_1_33?dib=eyJ2IjoiMSJ9.okuDg5cK9VLoMm3f7xnY7un_LJ8fnkrfhVi4Lh-XnzeyDP81HTnAynjOPM9nm-wdUg5RDOvGDd-kyDlx_SY9iNLbgm9SdW1Z_qOCqAKk3eYTqI5V98VgkSUK53cIzcdiNDSsbSgnrVbuDr4rdV76WHFgb21s6F3nRD_v_KSB7uWBdOxngqgM3D1BOLZzC-WT2K1zlaZdP-q4AYWgDb12HU5_qECKsWrD1PqVHz70FO4.vPpNzs6DoJFJtebQbZQmC1uehjQDHdz6s-EtuvPm684&dib_tag=se&keywords=playstation+5&qid=1775469644&sr=8-33
PlayStation 5 Portal Remote Player,,4.5 out of 5 stars,"(6,335)",Not Available,https://www.amazon.com/PlayStation-Portal-Remote-Player-Gaming-Console/dp/B0CJT5DJ16/ref=sr_1_34?dib=eyJ2IjoiMSJ9.okuDg5cK9VLoMm3f7xnY7un_LJ8fnkrfhVi4Lh-XnzeyDP81HTnAynjOPM9nm-wdUg5RDOvGDd-kyDlx_SY9iNLbgm9SdW1Z_qOCqAKk3eYTqI5V98VgkSUK53cIzcdiNDSsbSgnrVbuDr4rdV76WHFgb21s6F3nRD_v_KSB7uWBdOxngqgM3D1BOLZzC-WT2K1zlaZdP-q4AYWgDb12HU5_qECKsWrD1PqVHz70FO4.vPpNzs6DoJFJtebQbZQmC1uehjQDHdz6s-EtuvPm684&dib_tag=se&keywords=playstation+5&qid=1775469644&sr=8-34
PlayStation 5 Console 1TB - Fortnite Flowering Chaos Bundle,,4.6 out of 5 stars,(549),Not Available,https://www.amazon.com/PlayStation-Console-1TB-Fortnite-Flowering-5/dp/B0FRSYZGBM/ref=sr_1_35?dib=eyJ2IjoiMSJ9.okuDg5cK9VLoMm3f7xnY7un_LJ8fnkrfhVi4Lh-XnzeyDP81HTnAynjOPM9nm-wdUg5RDOvGDd-kyDlx_SY9iNLbgm9SdW1Z_qOCqAKk3eYTqI5V98VgkSUK53cIzcdiNDSsbSgnrVbuDr4rdV76WHFgb21s6F3nRD_v_KSB7uWBdOxngqgM3D1BOLZzC-WT2K1zlaZdP-q4AYWgDb12HU5_qECKsWrD1PqVHz70FO4.vPpNzs6DoJFJtebQbZQmC1uehjQDHdz6s-EtuvPm684&dib_tag=se&keywords=playstation+5&qid=1775469644&sr=8-35
PlayStation®5 Console – ASTRO BOT Bundle,,4.7 out of 5 stars,(142),Not Available,https://www.amazon.com/PlayStation%C2%AE5-Console-ASTRO-Bundle-PlayStation-5/dp/B0DWGLDS2V/ref=sr_1_36?dib=eyJ2IjoiMSJ9.okuDg5cK9VLoMm3f7xnY7un_LJ8fnkrfhVi4Lh-XnzeyDP81HTnAynjOPM9nm-wdUg5RDOvGDd-kyDlx_SY9iNLbgm9SdW1Z_qOCqAKk3eYTqI5V98VgkSUK53cIzcdiNDSsbSgnrVbuDr4rdV76WHFgb21s6F3nRD_v_KSB7uWBdOxngqgM3D1BOLZzC-WT2K1zlaZdP-q4AYWgDb12HU5_qECKsWrD1PqVHz70FO4.vPpNzs6DoJFJtebQbZQmC1uehjQDHdz6s-EtuvPm684&dib_tag=se&keywords=playstation+5&qid=1775469644&sr=8-36
"GRAUGEAR PS5 Dust Cover Kit, Cooling Fan Dust Filter & Silicone Port Plugs Set, High-Density Breathable Mesh, Dust Protection, Air Intake, Compatible with PS5 Pro, PS5 Slim, PS5 Disc & Digital",,4.7 out of 5 stars,(568),In Stock,https://www.amazon.com/sspa/click?ie=UTF8&spc=MTo3MjM4MDM4OTU2ODU3NDgxOjE3NzU0Njk2NDQ6c3BfYnRmOjMwMDEyNzYwNDkwOTgwMjo6MDo6&url=%2FGRAUGEAR-Protector-High-Density-Breathable-Compatible%2Fdp%2FB0CRVXK9BF%2Fref%3Dsr_1_37_sspa%3Fdib%3DeyJ2IjoiMSJ9.okuDg5cK9VLoMm3f7xnY7un_LJ8fnkrfhVi4Lh-XnzeyDP81HTnAynjOPM9nm-wdUg5RDOvGDd-kyDlx_SY9iNLbgm9SdW1Z_qOCqAKk3eYTqI5V98VgkSUK53cIzcdiNDSsbSgnrVbuDr4rdV76WHFgb21s6F3nRD_v_KSB7uWBdOxngqgM3D1BOLZzC-WT2K1zlaZdP-q4AYWgDb12HU5_qECKsWrD1PqVHz70FO4.vPpNzs6DoJFJtebQbZQmC1uehjQDHdz6s-EtuvPm684%26dib_tag%3Dse%26keywords%3Dplaystation%2B5%26qid%3D1775469644%26sr%3D8-37-spons%26sp_csd%3Dd2lkZ2V0TmFtZT1zcF9idGY%26psc%3D1
"RACGTING Racing Simulator Cockpit for G920 G29 G923, Foldable Racing Simulator for Thrustmaster T248X T248 T300 T150 458 TX Xbox PS5 PS4 PC (Black)",,4.3 out of 5 stars,(648),In Stock,https://www.amazon.com/sspa/click?ie=UTF8&spc=MTo3MjM4MDM4OTU2ODU3NDgxOjE3NzU0Njk2NDQ6c3BfYnRmOjMwMTIyMTE5MTc1MDEwMjo6MDo6&url=%2FRACGTING-Simulator-Foldable-Thrustmaster-PlayStation-4%2Fdp%2FB0BRGZXMQW%2Fref%3Dsr_1_38_sspa%3Fdib%3DeyJ2IjoiMSJ9.okuDg5cK9VLoMm3f7xnY7un_LJ8fnkrfhVi4Lh-XnzeyDP81HTnAynjOPM9nm-wdUg5RDOvGDd-kyDlx_SY9iNLbgm9SdW1Z_qOCqAKk3eYTqI5V98VgkSUK53cIzcdiNDSsbSgnrVbuDr4rdV76WHFgb21s6F3nRD_v_KSB7uWBdOxngqgM3D1BOLZzC-WT2K1zlaZdP-q4AYWgDb12HU5_qECKsWrD1PqVHz70FO4.vPpNzs6DoJFJtebQbZQmC1uehjQDHdz6s-EtuvPm684%26dib_tag%3Dse%26keywords%3Dplaystation%2B5%26qid%3D1775469644%26sr%3D8-38-spons%26sp_csd%3Dd2lkZ2V0TmFtZT1zcF9idGY%26psc%3D1
"Carry Case designed for Playstation Portal remote player for PS5 Console holds accessories, Travel and Storage Protection for headset charger and more WHITE/BLACK - Easy Clean Case Gift box Edition",,4.7 out of 5 stars,"(3,918)",In Stock,https://www.amazon.com/sspa/click?ie=UTF8&spc=MTo0OTQzNjY1NjEyNDE0MTAyOjE3NzU0Njk2NDQ6c3Bfc2VhcmNoX3RoZW1hdGljX2J0ZjozMDAxMTE2MDI5Mzg0MDI6OjA6Og&url=%2Fdesigned-Playstation-Console-accessories-Protection-5%2Fdp%2FB0CNQ3Q7PG%2Fref%3Dsxbs_pa_sp_search_thematic_btf_sspa%3Fcontent-id%3Damzn1.sym.90753c63-c1ad-4397-9e8d-f368c6b72459%253Aamzn1.sym.90753c63-c1ad-4397-9e8d-f368c6b72459%26cv_ct_cx%3Dplaystation%2B5%26keywords%3Dplaystation%2B5%26pd_rd_i%3DB0CNQ3Q7PG%26pd_rd_r%3D309f4830-af34-4803-acb5-918ccd5d1d6e%26pd_rd_w%3D1GGzr%26pd_rd_wg%3DgMkIy%26pf_rd_p%3D90753c63-c1ad-4397-9e8d-f368c6b72459%26pf_rd_r%3D6D7D13VCZVM175Z2Q3AE%26qid%3D1775469644%26sbo%3D9ZOMT9Jm0JH%252Ft%252BWi68iDSA%253D%253D%26sr%3D1-17-19848dd4-d197-4a53-a445-4045457584e9-spons%26aref%3DRpj6658EXC%26sp_csd%3Dd2lkZ2V0TmFtZT1zcF9zZWFyY2hfdGhlbWF0aWNfYnRm%26psc%3D1&aref=Rpj6658EXC
"KOVA 13 in 1 Accessories Set for Playstation Portal Remote Player, Carrying Case for PS Portal ,TPU Shell Cover Skin with Kickstand,Portable Charging Dock,2 HD Screen Protector,4 Thumb Grip,Earbud Headphones for PS5 Portal Bundle (Black)",,4.6 out of 5 stars,(402),In Stock,https://www.amazon.com/sspa/click?ie=UTF8&spc=MTo0OTQzNjY1NjEyNDE0MTAyOjE3NzU0Njk2NDQ6c3Bfc2VhcmNoX3RoZW1hdGljX2J0ZjozMDA3MDE3ODI1MDU4MDI6OjE6Og&url=%2FAccessories-Playstation-Kickstand-Protector-Headphones%2Fdp%2FB0D6VLXH87%2Fref%3Dsxbs_pa_sp_search_thematic_btf_sspa%3Fcontent-id%3Damzn1.sym.90753c63-c1ad-4397-9e8d-f368c6b72459%253Aamzn1.sym.90753c63-c1ad-4397-9e8d-f368c6b72459%26cv_ct_cx%3Dplaystation%2B5%26keywords%3Dplaystation%2B5%26pd_rd_i%3DB0D6VLXH87%26pd_rd_r%3D309f4830-af34-4803-acb5-918ccd5d1d6e%26pd_rd_w%3D1GGzr%26pd_rd_wg%3DgMkIy%26pf_rd_p%3D90753c63-c1ad-4397-9e8d-f368c6b72459%26pf_rd_r%3D6D7D13VCZVM175Z2Q3AE%26qid%3D1775469644%26sbo%3DRZvfv%252F%252FHxDF%252BO5021pAnSA%253D%253D%26sr%3D1-18-19848dd4-d197-4a53-a445-4045457584e9-spons%26aref%3DYzYZKMFls0%26sp_csd%3Dd2lkZ2V0TmFtZT1zcF9zZWFyY2hfdGhlbWF0aWNfYnRm%26psc%3D1&aref=YzYZKMFls0
"RACGTING Racing Simulator Cockpit for G920 G29 G923, Foldable Racing Simulator for Thrustmaster T248X T248 T300 T150 458 TX Xbox PS5 PS4 PC (Black)",,4.3 out of 5 stars,(648),In Stock,https://www.amazon.com/sspa/click?ie=UTF8&spc=MTo0OTQzNjY1NjEyNDE0MTAyOjE3NzU0Njk2NDQ6c3Bfc2VhcmNoX3RoZW1hdGljX2J0ZjozMDEyMjExOTE3NTAxMDI6OjI6Og&url=%2FRACGTING-Simulator-Foldable-Thrustmaster-PlayStation-4%2Fdp%2FB0BRGZXMQW%2Fref%3Dsxbs_pa_sp_search_thematic_btf_sspa%3Fcontent-id%3Damzn1.sym.90753c63-c1ad-4397-9e8d-f368c6b72459%253Aamzn1.sym.90753c63-c1ad-4397-9e8d-f368c6b72459%26cv_ct_cx%3Dplaystation%2B5%26keywords%3Dplaystation%2B5%26pd_rd_i%3DB0BRGZXMQW%26pd_rd_r%3D309f4830-af34-4803-acb5-918ccd5d1d6e%26pd_rd_w%3D1GGzr%26pd_rd_wg%3DgMkIy%26pf_rd_p%3D90753c63-c1ad-4397-9e8d-f368c6b72459%26pf_rd_r%3D6D7D13VCZVM175Z2Q3AE%26qid%3D1775469644%26sbo%3DRZvfv%252F%252FHxDF%252BO5021pAnSA%253D%253D%26sr%3D1-19-19848dd4-d197-4a53-a445-4045457584e9-spons%26aref%3DEBMWXTy3p4%26sp_csd%3Dd2lkZ2V0TmFtZT1zcF9zZWFyY2hfdGhlbWF0aWNfYnRm%26psc%3D1&aref=EBMWXTy3p4
"PS5/ Slim/Pro Stand and PS5 Cooling Station with Dual Controller Charger 3 Level Fan,3 USB Hub Fast Charge drive 9 RGB Light hard Slim Stand for All Disc & Digital Console Playstation 3 skins",,4.5 out of 5 stars,(311),Only 3 left in stock - order soon.,https://www.amazon.com/sspa/click?ie=UTF8&spc=MTo0OTQzNjY1NjEyNDE0MTAyOjE3NzU0Njk2NDQ6c3Bfc2VhcmNoX3RoZW1hdGljX2J0ZjozMDA3NTgyODYyODU4MDI6OjM6Og&url=%2FCooling-Station-Controller-ps5-Upgraded%2Fdp%2FB0DJ59SVJ3%2Fref%3Dsxbs_pa_sp_search_thematic_btf_sspa%3Fcontent-id%3Damzn1.sym.90753c63-c1ad-4397-9e8d-f368c6b72459%253Aamzn1.sym.90753c63-c1ad-4397-9e8d-f368c6b72459%26cv_ct_cx%3Dplaystation%2B5%26keywords%3Dplaystation%2B5%26pd_rd_i%3DB0DJ59SVJ3%26pd_rd_r%3D309f4830-af34-4803-acb5-918ccd5d1d6e%26pd_rd_w%3D1GGzr%26pd_rd_wg%3DgMkIy%26pf_rd_p%3D90753c63-c1ad-4397-9e8d-f368c6b72459%26pf_rd_r%3D6D7D13VCZVM175Z2Q3AE%26qid%3D1775469644%26sbo%3DRZvfv%252F%252FHxDF%252BO5021pAnSA%253D%253D%26sr%3D1-20-19848dd4-d197-4a53-a445-4045457584e9-spons%26aref%3DH38107onVC%26sp_csd%3Dd2lkZ2V0TmFtZT1zcF9zZWFyY2hfdGhlbWF0aWNfYnRm%26psc%3D1&aref=H38107onVC
Metaphor: ReFantazio Launch Edition - PlayStation 5,,4.8 out of 5 stars,"(1,189)",In Stock,https://www.amazon.com/sspa/click?ie=UTF8&spc=MTo0OTQzNjY1NjEyNDE0MTAyOjE3NzU0Njk2NDQ6c3Bfc2VhcmNoX3RoZW1hdGljX2J0ZjozMDEyMTk0MTM3MjAxMDI6OjQ6Og&url=%2FMetaphor-ReFantazio-Launch-PlayStation-5%2Fdp%2FB0D2FY9H73%2Fref%3Dsxbs_pa_sp_search_thematic_btf_sspa%3Fcontent-id%3Damzn1.sym.90753c63-c1ad-4397-9e8d-f368c6b72459%253Aamzn1.sym.90753c63-c1ad-4397-9e8d-f368c6b72459%26cv_ct_cx%3Dplaystation%2B5%26keywords%3Dplaystation%2B5%26pd_rd_i%3DB0D2FY9H73%26pd_rd_r%3D309f4830-af34-4803-acb5-918ccd5d1d6e%26pd_rd_w%3D1GGzr%26pd_rd_wg%3DgMkIy%26pf_rd_p%3D90753c63-c1ad-4397-9e8d-f368c6b72459%26pf_rd_r%3D6D7D13VCZVM175Z2Q3AE%26qid%3D1775469644%26sbo%3DRZvfv%252F%252FHxDF%252BO5021pAnSA%253D%253D%26sr%3D1-21-19848dd4-d197-4a53-a445-4045457584e9-spons%26aref%3Db64cllsP4P%26sp_csd%3Dd2lkZ2V0TmFtZT1zcF9zZWFyY2hfdGhlbWF0aWNfYnRm%26psc%3D1&aref=b64cllsP4P
"PlayStation 5 Slim Digital Edition Call of Duty Modern Warfare II Bundle and Controller Case - White, Slim PS5 1TB PCIe SSD Gaming Console with Controller Protective Case - Digital Slim PS5 [playstation_5]",,5.0 out of 5 stars,(11),Not Available,https://www.amazon.com/PlayStation-Digital-Modern-Warfare-Controller-5/dp/B0F1HB6DFH/ref=sr_1_33?dib=eyJ2IjoiMSJ9.KN3fbM1eq3m6vzq-rMQvBalaKnXsztPetyyuoSluNooK0kgb7tIaFxDxi7mglcGm-O9G2kI_beTVJVDQzU4Q3iGa2JTpyB5urv0YJ85dtkzCirrpHbPc2LhUO4AW_mrQb1I7aOaIvZQ1yuekkMjKbpPNSbgwxqmQrNDLcE2kAGogtCzEpJaHHvjhrQumHU-clo0wlymPsOJ55unPXSXePre8x45sQdVtJ9IC5l4WLs0.rCxy4W-cXBQtXEDf-bf7BGjiEWSHy_qfVnd_CVs_pWo&dib_tag=se&keywords=playstation+5&qid=1775469649&sr=8-33
Darksiders Warmastered - PlayStation 5,,Previous set of slides,,"This item will be released on May 19, 2026.",https://www.amazon.com/Darksiders-Warmastered-PlayStation-5/dp/B0GS7BPZDV/ref=sr_1_34?dib=eyJ2IjoiMSJ9.KN3fbM1eq3m6vzq-rMQvBalaKnXsztPetyyuoSluNooK0kgb7tIaFxDxi7mglcGm-O9G2kI_beTVJVDQzU4Q3iGa2JTpyB5urv0YJ85dtkzCirrpHbPc2LhUO4AW_mrQb1I7aOaIvZQ1yuekkMjKbpPNSbgwxqmQrNDLcE2kAGogtCzEpJaHHvjhrQumHU-clo0wlymPsOJ55unPXSXePre8x45sQdVtJ9IC5l4WLs0.rCxy4W-cXBQtXEDf-bf7BGjiEWSHy_qfVnd_CVs_pWo&dib_tag=se&keywords=playstation+5&qid=1775469649&sr=8-34
NBA 2K26 - PlayStation 5,,4.8 out of 5 stars,"(1,589)",In Stock,https://www.amazon.com/NBA-2K26-PlayStation-5/dp/B0FH5GW64H/ref=sr_1_35?dib=eyJ2IjoiMSJ9.KN3fbM1eq3m6vzq-rMQvBalaKnXsztPetyyuoSluNooK0kgb7tIaFxDxi7mglcGm-O9G2kI_beTVJVDQzU4Q3iGa2JTpyB5urv0YJ85dtkzCirrpHbPc2LhUO4AW_mrQb1I7aOaIvZQ1yuekkMjKbpPNSbgwxqmQrNDLcE2kAGogtCzEpJaHHvjhrQumHU-clo0wlymPsOJ55unPXSXePre8x45sQdVtJ9IC5l4WLs0.rCxy4W-cXBQtXEDf-bf7BGjiEWSHy_qfVnd_CVs_pWo&dib_tag=se&keywords=playstation+5&qid=1775469649&sr=8-35
PlayStation PS5® Digital Edition – NBA 2K25 Bundle,,4.8 out of 5 stars,(410),Not Available,https://www.amazon.com/PlayStation-PS5%C2%AE-Digital-2K25-Bundle-5/dp/B0DCQJ5W34/ref=sr_1_36?dib=eyJ2IjoiMSJ9.KN3fbM1eq3m6vzq-rMQvBalaKnXsztPetyyuoSluNooK0kgb7tIaFxDxi7mglcGm-O9G2kI_beTVJVDQzU4Q3iGa2JTpyB5urv0YJ85dtkzCirrpHbPc2LhUO4AW_mrQb1I7aOaIvZQ1yuekkMjKbpPNSbgwxqmQrNDLcE2kAGogtCzEpJaHHvjhrQumHU-clo0wlymPsOJ55unPXSXePre8x45sQdVtJ9IC5l4WLs0.rCxy4W-cXBQtXEDf-bf7BGjiEWSHy_qfVnd_CVs_pWo&dib_tag=se&keywords=playstation+5&qid=1775469649&sr=8-36
Resident Evil Requiem Amazon Exclusive Edition - PlayStation 5,,4.7 out of 5 stars,(281),In Stock,https://www.amazon.com/Resident-Evil-Requiem-Amazon-Exclusive-PlayStation/dp/B0FY929QN1/ref=sr_1_37?dib=eyJ2IjoiMSJ9.KN3fbM1eq3m6vzq-rMQvBalaKnXsztPetyyuoSluNooK0kgb7tIaFxDxi7mglcGm-O9G2kI_beTVJVDQzU4Q3iGa2JTpyB5urv0YJ85dtkzCirrpHbPc2LhUO4AW_mrQb1I7aOaIvZQ1yuekkMjKbpPNSbgwxqmQrNDLcE2kAGogtCzEpJaHHvjhrQumHU-clo0wlymPsOJ55unPXSXePre8x45sQdVtJ9IC5l4WLs0.rCxy4W-cXBQtXEDf-bf7BGjiEWSHy_qfVnd_CVs_pWo&dib_tag=se&keywords=playstation+5&qid=1775469649&sr=8-37
"PS 5 Controller Charger Station Compatible with PlayStation 5 Faceplates Edge & Dual Controller, 9 Lightings PS 5 Accessories Charging Station, PS 5 Dock Stand with LED Indicator & On-Off Switch",,4.6 out of 5 stars,"(3,568)",In Stock,https://www.amazon.com/Controller-Compatible-Playstation-Accessories-Indicators-3/dp/B0CBM442RQ/ref=sr_1_38?dib=eyJ2IjoiMSJ9.KN3fbM1eq3m6vzq-rMQvBalaKnXsztPetyyuoSluNooK0kgb7tIaFxDxi7mglcGm-O9G2kI_beTVJVDQzU4Q3iGa2JTpyB5urv0YJ85dtkzCirrpHbPc2LhUO4AW_mrQb1I7aOaIvZQ1yuekkMjKbpPNSbgwxqmQrNDLcE2kAGogtCzEpJaHHvjhrQumHU-clo0wlymPsOJ55unPXSXePre8x45sQdVtJ9IC5l4WLs0.rCxy4W-cXBQtXEDf-bf7BGjiEWSHy_qfVnd_CVs_pWo&dib_tag=se&keywords=playstation+5&qid=1775469649&sr=8-38
PlayStation Pulse Elite Wireless Headset,,4.0 out of 5 stars,"(2,362)",In Stock,https://www.amazon.com/PlayStation-Pulse-Elite-Wireless-Headset-5/dp/B0CMDH9M5W/ref=sr_1_39?dib=eyJ2IjoiMSJ9.KN3fbM1eq3m6vzq-rMQvBalaKnXsztPetyyuoSluNooK0kgb7tIaFxDxi7mglcGm-O9G2kI_beTVJVDQzU4Q3iGa2JTpyB5urv0YJ85dtkzCirrpHbPc2LhUO4AW_mrQb1I7aOaIvZQ1yuekkMjKbpPNSbgwxqmQrNDLcE2kAGogtCzEpJaHHvjhrQumHU-clo0wlymPsOJ55unPXSXePre8x45sQdVtJ9IC5l4WLs0.rCxy4W-cXBQtXEDf-bf7BGjiEWSHy_qfVnd_CVs_pWo&dib_tag=se&keywords=playstation+5&qid=1775469649&sr=8-39
PlayStation®5 Console – Call of Duty® Modern Warfare® III Bundle,,4.7 out of 5 stars,"(2,143)",Not Available,https://www.amazon.com/PlayStation%C2%AE5-Console-Modern-Warfare%C2%AE-PlayStation-5/dp/B0CKY1F29D/ref=sr_1_40?dib=eyJ2IjoiMSJ9.KN3fbM1eq3m6vzq-rMQvBalaKnXsztPetyyuoSluNooK0kgb7tIaFxDxi7mglcGm-O9G2kI_beTVJVDQzU4Q3iGa2JTpyB5urv0YJ85dtkzCirrpHbPc2LhUO4AW_mrQb1I7aOaIvZQ1yuekkMjKbpPNSbgwxqmQrNDLcE2kAGogtCzEpJaHHvjhrQumHU-clo0wlymPsOJ55unPXSXePre8x45sQdVtJ9IC5l4WLs0.rCxy4W-cXBQtXEDf-bf7BGjiEWSHy_qfVnd_CVs_pWo&dib_tag=se&keywords=playstation+5&qid=1775469649&sr=8-40
PRAGMATA - PlayStation 5,,Previous set of slides,,"This item will be released on April 17, 2026.",https://www.amazon.com/PRAGMATA-PlayStation-5/dp/B0G6KM4YBT/ref=sr_1_41?dib=eyJ2IjoiMSJ9.KN3fbM1eq3m6vzq-rMQvBalaKnXsztPetyyuoSluNooK0kgb7tIaFxDxi7mglcGm-O9G2kI_beTVJVDQzU4Q3iGa2JTpyB5urv0YJ85dtkzCirrpHbPc2LhUO4AW_mrQb1I7aOaIvZQ1yuekkMjKbpPNSbgwxqmQrNDLcE2kAGogtCzEpJaHHvjhrQumHU-clo0wlymPsOJ55unPXSXePre8x45sQdVtJ9IC5l4WLs0.rCxy4W-cXBQtXEDf-bf7BGjiEWSHy_qfVnd_CVs_pWo&dib_tag=se&keywords=playstation+5&qid=1775469649&sr=8-41
PlayStation Pulse Elite Wireless Headset - Midnight Black,,3.9 out of 5 stars,(372),Only 19 left in stock - order soon.,https://www.amazon.com/PlayStation-Pulse-Elite-Wireless-Headset-Sony/dp/B0DSQWH9BR/ref=sr_1_42?dib=eyJ2IjoiMSJ9.KN3fbM1eq3m6vzq-rMQvBalaKnXsztPetyyuoSluNooK0kgb7tIaFxDxi7mglcGm-O9G2kI_beTVJVDQzU4Q3iGa2JTpyB5urv0YJ85dtkzCirrpHbPc2LhUO4AW_mrQb1I7aOaIvZQ1yuekkMjKbpPNSbgwxqmQrNDLcE2kAGogtCzEpJaHHvjhrQumHU-clo0wlymPsOJ55unPXSXePre8x45sQdVtJ9IC5l4WLs0.rCxy4W-cXBQtXEDf-bf7BGjiEWSHy_qfVnd_CVs_pWo&dib_tag=se&keywords=playstation+5&qid=1775469649&sr=8-42
Bundle of PlayStation®5 console (slim) + $100 PlayStation Store Gift Card [Digital Code],,Previous set of slides,,Not Available,https://www.amazon.com/Bundle-PlayStation%C2%AE5-console-PlayStation-Store-Digital/dp/B0G4MNL18Q/ref=sr_1_43?dib=eyJ2IjoiMSJ9.KN3fbM1eq3m6vzq-rMQvBalaKnXsztPetyyuoSluNooK0kgb7tIaFxDxi7mglcGm-O9G2kI_beTVJVDQzU4Q3iGa2JTpyB5urv0YJ85dtkzCirrpHbPc2LhUO4AW_mrQb1I7aOaIvZQ1yuekkMjKbpPNSbgwxqmQrNDLcE2kAGogtCzEpJaHHvjhrQumHU-clo0wlymPsOJ55unPXSXePre8x45sQdVtJ9IC5l4WLs0.rCxy4W-cXBQtXEDf-bf7BGjiEWSHy_qfVnd_CVs_pWo&dib_tag=se&keywords=playstation+5&qid=1775469649&sr=8-43
PlayStation VR2 Horizon Call of The Mountain Bundle (PSVR2),,4.3 out of 5 stars,(433),Not Available,https://www.amazon.com/SONY-PlayStation-VR2-Horizon-Mountain-5/dp/B0BMG6F66Y/ref=sr_1_44?dib=eyJ2IjoiMSJ9.KN3fbM1eq3m6vzq-rMQvBalaKnXsztPetyyuoSluNooK0kgb7tIaFxDxi7mglcGm-O9G2kI_beTVJVDQzU4Q3iGa2JTpyB5urv0YJ85dtkzCirrpHbPc2LhUO4AW_mrQb1I7aOaIvZQ1yuekkMjKbpPNSbgwxqmQrNDLcE2kAGogtCzEpJaHHvjhrQumHU-clo0wlymPsOJ55unPXSXePre8x45sQdVtJ9IC5l4WLs0.rCxy4W-cXBQtXEDf-bf7BGjiEWSHy_qfVnd_CVs_pWo&dib_tag=se&keywords=playstation+5&qid=1775469649&sr=8-44
"PlayStation DualSense™ Wireless Controller – Gray Camouflage - For PS5, PC, MAC & Mobile",,4.7 out of 5 stars,(128),In Stock,https://www.amazon.com/PlayStation-DualSenseTM-Wireless-Controller-Gaming-Console/dp/B0FY6YRGRS/ref=sr_1_45?dib=eyJ2IjoiMSJ9.KN3fbM1eq3m6vzq-rMQvBalaKnXsztPetyyuoSluNooK0kgb7tIaFxDxi7mglcGm-O9G2kI_beTVJVDQzU4Q3iGa2JTpyB5urv0YJ85dtkzCirrpHbPc2LhUO4AW_mrQb1I7aOaIvZQ1yuekkMjKbpPNSbgwxqmQrNDLcE2kAGogtCzEpJaHHvjhrQumHU-clo0wlymPsOJ55unPXSXePre8x45sQdVtJ9IC5l4WLs0.rCxy4W-cXBQtXEDf-bf7BGjiEWSHy_qfVnd_CVs_pWo&dib_tag=se&keywords=playstation+5&qid=1775469649&sr=8-45
PlayStation DualSense® Wireless Controller - White,,4.6 out of 5 stars,"(8,178)",In Stock,https://www.amazon.com/PlayStation-DualSense%C2%AE-Wireless-Controller-White-5/dp/B0CQKLS4RP/ref=sr_1_46?dib=eyJ2IjoiMSJ9.KN3fbM1eq3m6vzq-rMQvBalaKnXsztPetyyuoSluNooK0kgb7tIaFxDxi7mglcGm-O9G2kI_beTVJVDQzU4Q3iGa2JTpyB5urv0YJ85dtkzCirrpHbPc2LhUO4AW_mrQb1I7aOaIvZQ1yuekkMjKbpPNSbgwxqmQrNDLcE2kAGogtCzEpJaHHvjhrQumHU-clo0wlymPsOJ55unPXSXePre8x45sQdVtJ9IC5l4WLs0.rCxy4W-cXBQtXEDf-bf7BGjiEWSHy_qfVnd_CVs_pWo&dib_tag=se&keywords=playstation+5&qid=1775469649&sr=8-46
PS5 Digital Edition – God of War Ragnarök Bundle,,4.8 out of 5 stars,"(2,968)",Not Available,https://www.amazon.com/PS5-Digital-Ragnar%C3%B6k-Bundle-PlayStation-5/dp/B0BHBWSJN3/ref=sr_1_47?dib=eyJ2IjoiMSJ9.KN3fbM1eq3m6vzq-rMQvBalaKnXsztPetyyuoSluNooK0kgb7tIaFxDxi7mglcGm-O9G2kI_beTVJVDQzU4Q3iGa2JTpyB5urv0YJ85dtkzCirrpHbPc2LhUO4AW_mrQb1I7aOaIvZQ1yuekkMjKbpPNSbgwxqmQrNDLcE2kAGogtCzEpJaHHvjhrQumHU-clo0wlymPsOJ55unPXSXePre8x45sQdVtJ9IC5l4WLs0.rCxy4W-cXBQtXEDf-bf7BGjiEWSHy_qfVnd_CVs_pWo&dib_tag=se&keywords=playstation+5&qid=1775469649&sr=8-47
"WD_BLACK 4TB SN850P NVMe M.2 SSD Officially Licensed Storage Expansion for PS5 Consoles, up to 7,300MB/s, with heatsink - WDBBYV0040BNC-WRSN,Black",,4.8 out of 5 stars,"(10,753)",In Stock,https://www.amazon.com/Western-Digital-Officially-Licensed-Expansion/dp/B0C48HN4Z9/ref=sr_1_48?dib=eyJ2IjoiMSJ9.KN3fbM1eq3m6vzq-rMQvBalaKnXsztPetyyuoSluNooK0kgb7tIaFxDxi7mglcGm-O9G2kI_beTVJVDQzU4Q3iGa2JTpyB5urv0YJ85dtkzCirrpHbPc2LhUO4AW_mrQb1I7aOaIvZQ1yuekkMjKbpPNSbgwxqmQrNDLcE2kAGogtCzEpJaHHvjhrQumHU-clo0wlymPsOJ55unPXSXePre8x45sQdVtJ9IC5l4WLs0.rCxy4W-cXBQtXEDf-bf7BGjiEWSHy_qfVnd_CVs_pWo&dib_tag=se&keywords=playstation+5&qid=1775469649&sr=8-48
"Seagate Game Drive for PlayStation® Consoles 5 TB External Hard Drive - USB 3.2 Gen 1, Officially-License (STLV5000100)",,4.4 out of 5 stars,"(3,102)",Not Available,https://www.amazon.com/Seagate-Game-Drive-PS5-External/dp/B0CJG4PHDG/ref=sr_1_49?dib=eyJ2IjoiMSJ9.7dEGhLmx8YMxwXs1FFOKR-ZSRO0GMrLZbLFuuoYqMZFIjWdR6ARyHbSqgUmxd0XVtcZ0pfP0ugWtDE4zJcCS8_kqoON2OunhclXJGjL87rtb-WdOyYguiqiOP5lV8FCV-wZBNmeYDXaM2OpRSqlysLaGe-sZBRiglAsABGOWzg_EE-vdP9RXQZ8ccYo36ybPohC1rZUy96niewMYwmYnQEt1i7jLcdBTn9W7J6HpEis.D381E0k_6DVmR_3iu8bLgasg2qSTpWmfnPedocPN8IA&dib_tag=se&keywords=playstation+5&qid=1775469653&sr=8-49
Call of Duty®: Black Ops 7 - PlayStation 5,,4.4 out of 5 stars,(879),In Stock,https://www.amazon.com/Call-Duty%C2%AE-Black-Ops-PlayStation-5/dp/B0FMC62NCK/ref=sr_1_50?dib=eyJ2IjoiMSJ9.7dEGhLmx8YMxwXs1FFOKR-ZSRO0GMrLZbLFuuoYqMZFIjWdR6ARyHbSqgUmxd0XVtcZ0pfP0ugWtDE4zJcCS8_kqoON2OunhclXJGjL87rtb-WdOyYguiqiOP5lV8FCV-wZBNmeYDXaM2OpRSqlysLaGe-sZBRiglAsABGOWzg_EE-vdP9RXQZ8ccYo36ybPohC1rZUy96niewMYwmYnQEt1i7jLcdBTn9W7J6HpEis.D381E0k_6DVmR_3iu8bLgasg2qSTpWmfnPedocPN8IA&dib_tag=se&keywords=playstation+5&qid=1775469653&sr=8-50
Madden NFL 26 - PlayStation 5,,4.8 out of 5 stars,"(1,792)",In Stock,https://www.amazon.com/Madden-NFL-26-PlayStation-5/dp/B0F6423HHV/ref=sr_1_51?dib=eyJ2IjoiMSJ9.7dEGhLmx8YMxwXs1FFOKR-ZSRO0GMrLZbLFuuoYqMZFIjWdR6ARyHbSqgUmxd0XVtcZ0pfP0ugWtDE4zJcCS8_kqoON2OunhclXJGjL87rtb-WdOyYguiqiOP5lV8FCV-wZBNmeYDXaM2OpRSqlysLaGe-sZBRiglAsABGOWzg_EE-vdP9RXQZ8ccYo36ybPohC1rZUy96niewMYwmYnQEt1i7jLcdBTn9W7J6HpEis.D381E0k_6DVmR_3iu8bLgasg2qSTpWmfnPedocPN8IA&dib_tag=se&keywords=playstation+5&qid=1775469653&sr=8-51
PlayStation 5 Digital Edition – Marvel’s Spider-Man 2 Bundle (Slim),,4.8 out of 5 stars,(749),Not Available,https://www.amazon.com/PlayStation-Digital-Marvels-Spider-Man-Bundle-5/dp/B0CV4J3TS7/ref=sr_1_52?dib=eyJ2IjoiMSJ9.7dEGhLmx8YMxwXs1FFOKR-ZSRO0GMrLZbLFuuoYqMZFIjWdR6ARyHbSqgUmxd0XVtcZ0pfP0ugWtDE4zJcCS8_kqoON2OunhclXJGjL87rtb-WdOyYguiqiOP5lV8FCV-wZBNmeYDXaM2OpRSqlysLaGe-sZBRiglAsABGOWzg_EE-vdP9RXQZ8ccYo36ybPohC1rZUy96niewMYwmYnQEt1i7jLcdBTn9W7J6HpEis.D381E0k_6DVmR_3iu8bLgasg2qSTpWmfnPedocPN8IA&dib_tag=se&keywords=playstation+5&qid=1775469653&sr=8-52
007 First Light - Legacy Edition - PlayStation 5,,Previous set of slides,,"This item will be released on May 27, 2026.",https://www.amazon.com/007-First-Light-Legacy-PlayStation-5/dp/B0FN6HPVRH/ref=sr_1_53?dib=eyJ2IjoiMSJ9.7dEGhLmx8YMxwXs1FFOKR-ZSRO0GMrLZbLFuuoYqMZFIjWdR6ARyHbSqgUmxd0XVtcZ0pfP0ugWtDE4zJcCS8_kqoON2OunhclXJGjL87rtb-WdOyYguiqiOP5lV8FCV-wZBNmeYDXaM2OpRSqlysLaGe-sZBRiglAsABGOWzg_EE-vdP9RXQZ8ccYo36ybPohC1rZUy96niewMYwmYnQEt1i7jLcdBTn9W7J6HpEis.D381E0k_6DVmR_3iu8bLgasg2qSTpWmfnPedocPN8IA&dib_tag=se&keywords=playstation+5&qid=1775469653&sr=8-53
"PlayStation DualSense™ Wireless Controller – Starlight Blue - For PS5, PC, MAC & Mobile",,4.8 out of 5 stars,(278),Not Available,https://www.amazon.com/PlayStation-DualSenseTM-Wireless-Controller-Gaming-Console/dp/B0FY6Z7K5W/ref=sr_1_54?dib=eyJ2IjoiMSJ9.7dEGhLmx8YMxwXs1FFOKR-ZSRO0GMrLZbLFuuoYqMZFIjWdR6ARyHbSqgUmxd0XVtcZ0pfP0ugWtDE4zJcCS8_kqoON2OunhclXJGjL87rtb-WdOyYguiqiOP5lV8FCV-wZBNmeYDXaM2OpRSqlysLaGe-sZBRiglAsABGOWzg_EE-vdP9RXQZ8ccYo36ybPohC1rZUy96niewMYwmYnQEt1i7jLcdBTn9W7J6HpEis.D381E0k_6DVmR_3iu8bLgasg2qSTpWmfnPedocPN8IA&dib_tag=se&keywords=playstation+5&qid=1775469653&sr=8-54
Sony PlayStation 4 Slim 1TB Premium Bundle (Renewed),,3.8 out of 5 stars,(37),Only 1 left in stock - order soon.,https://www.amazon.com/Sony-PlayStation-Premium-Bundle-Renewed-4/dp/B0DLHQ94B4/ref=sr_1_55?dib=eyJ2IjoiMSJ9.7dEGhLmx8YMxwXs1FFOKR-ZSRO0GMrLZbLFuuoYqMZFIjWdR6ARyHbSqgUmxd0XVtcZ0pfP0ugWtDE4zJcCS8_kqoON2OunhclXJGjL87rtb-WdOyYguiqiOP5lV8FCV-wZBNmeYDXaM2OpRSqlysLaGe-sZBRiglAsABGOWzg_EE-vdP9RXQZ8ccYo36ybPohC1rZUy96niewMYwmYnQEt1i7jLcdBTn9W7J6HpEis.D381E0k_6DVmR_3iu8bLgasg2qSTpWmfnPedocPN8IA&dib_tag=se&keywords=playstation+5&qid=1775469653&sr=8-55
MARVEL’S SPIDER-MAN 2 – PS5 Standard Edition,,4.8 out of 5 stars,"(1,254)",In Stock,https://www.amazon.com/MARVELS-SPIDER-MAN-2-Standard-PlayStation-5/dp/B0C7WQRCPB/ref=sr_1_56?dib=eyJ2IjoiMSJ9.7dEGhLmx8YMxwXs1FFOKR-ZSRO0GMrLZbLFuuoYqMZFIjWdR6ARyHbSqgUmxd0XVtcZ0pfP0ugWtDE4zJcCS8_kqoON2OunhclXJGjL87rtb-WdOyYguiqiOP5lV8FCV-wZBNmeYDXaM2OpRSqlysLaGe-sZBRiglAsABGOWzg_EE-vdP9RXQZ8ccYo36ybPohC1rZUy96niewMYwmYnQEt1i7jLcdBTn9W7J6HpEis.D381E0k_6DVmR_3iu8bLgasg2qSTpWmfnPedocPN8IA&dib_tag=se&keywords=playstation+5&qid=1775469653&sr=8-56
Etrange Overlord: Deluxe Edition - PlayStation 5,,Previous set of slides,,In Stock,https://www.amazon.com/Etrange-Overlord-Deluxe-PlayStation-5/dp/B0G1FM99BN/ref=sr_1_57?dib=eyJ2IjoiMSJ9.7dEGhLmx8YMxwXs1FFOKR-ZSRO0GMrLZbLFuuoYqMZFIjWdR6ARyHbSqgUmxd0XVtcZ0pfP0ugWtDE4zJcCS8_kqoON2OunhclXJGjL87rtb-WdOyYguiqiOP5lV8FCV-wZBNmeYDXaM2OpRSqlysLaGe-sZBRiglAsABGOWzg_EE-vdP9RXQZ8ccYo36ybPohC1rZUy96niewMYwmYnQEt1i7jLcdBTn9W7J6HpEis.D381E0k_6DVmR_3iu8bLgasg2qSTpWmfnPedocPN8IA&dib_tag=se&keywords=playstation+5&qid=1775469653&sr=8-57
PlayStation DualSense Edge Wireless Controller,,4.6 out of 5 stars,"(6,130)",Not Available,https://www.amazon.com/PlayStation-DualSense-Edge-Wireless-Controller-5/dp/B0BSYFB99D/ref=sr_1_58?dib=eyJ2IjoiMSJ9.7dEGhLmx8YMxwXs1FFOKR-ZSRO0GMrLZbLFuuoYqMZFIjWdR6ARyHbSqgUmxd0XVtcZ0pfP0ugWtDE4zJcCS8_kqoON2OunhclXJGjL87rtb-WdOyYguiqiOP5lV8FCV-wZBNmeYDXaM2OpRSqlysLaGe-sZBRiglAsABGOWzg_EE-vdP9RXQZ8ccYo36ybPohC1rZUy96niewMYwmYnQEt1i7jLcdBTn9W7J6HpEis.D381E0k_6DVmR_3iu8bLgasg2qSTpWmfnPedocPN8IA&dib_tag=se&keywords=playstation+5&qid=1775469653&sr=8-58
"Logitech G Astro A50 X Multi-Platform Wireless Gaming Headset + Base Station for PS5/Xbox/PC: PLAYSYNC Video & Audio Switcher, HDMI 2.1 4K 120Hz VRR, <24bit/48kHz, 24hr Battery, 2.4GHz & BT - Black",,4.1 out of 5 stars,"(1,283)",Only 3 left in stock - order soon.,https://www.amazon.com/Logitech-Astro-Wireless-Headset-Xbox/dp/B0BRXJDQC1/ref=sr_1_59?dib=eyJ2IjoiMSJ9.7dEGhLmx8YMxwXs1FFOKR-ZSRO0GMrLZbLFuuoYqMZFIjWdR6ARyHbSqgUmxd0XVtcZ0pfP0ugWtDE4zJcCS8_kqoON2OunhclXJGjL87rtb-WdOyYguiqiOP5lV8FCV-wZBNmeYDXaM2OpRSqlysLaGe-sZBRiglAsABGOWzg_EE-vdP9RXQZ8ccYo36ybPohC1rZUy96niewMYwmYnQEt1i7jLcdBTn9W7J6HpEis.D381E0k_6DVmR_3iu8bLgasg2qSTpWmfnPedocPN8IA&dib_tag=se&keywords=playstation+5&qid=1775469653&sr=8-59
Minecraft - PlayStation 5,,4.8 out of 5 stars,(685),In Stock,https://www.amazon.com/Minecraft-PlayStation-5/dp/B0DHHH2LHB/ref=sr_1_60?dib=eyJ2IjoiMSJ9.7dEGhLmx8YMxwXs1FFOKR-ZSRO0GMrLZbLFuuoYqMZFIjWdR6ARyHbSqgUmxd0XVtcZ0pfP0ugWtDE4zJcCS8_kqoON2OunhclXJGjL87rtb-WdOyYguiqiOP5lV8FCV-wZBNmeYDXaM2OpRSqlysLaGe-sZBRiglAsABGOWzg_EE-vdP9RXQZ8ccYo36ybPohC1rZUy96niewMYwmYnQEt1i7jLcdBTn9W7J6HpEis.D381E0k_6DVmR_3iu8bLgasg2qSTpWmfnPedocPN8IA&dib_tag=se&keywords=playstation+5&qid=1775469653&sr=8-60
PlayStation®5 Digital Edition (Slim) – (Renewed Premium),,4.4 out of 5 stars,(447),Not Available,https://www.amazon.com/PlayStation%C2%AE5-Digital-Slim-Renewed-PlayStation-5/dp/B0CW3QC1B8/ref=sr_1_61?dib=eyJ2IjoiMSJ9.7dEGhLmx8YMxwXs1FFOKR-ZSRO0GMrLZbLFuuoYqMZFIjWdR6ARyHbSqgUmxd0XVtcZ0pfP0ugWtDE4zJcCS8_kqoON2OunhclXJGjL87rtb-WdOyYguiqiOP5lV8FCV-wZBNmeYDXaM2OpRSqlysLaGe-sZBRiglAsABGOWzg_EE-vdP9RXQZ8ccYo36ybPohC1rZUy96niewMYwmYnQEt1i7jLcdBTn9W7J6HpEis.D381E0k_6DVmR_3iu8bLgasg2qSTpWmfnPedocPN8IA&dib_tag=se&keywords=playstation+5&qid=1775469653&sr=8-61
PlayStation Pulse Explore Wireless Earbuds - Midnight Black,,4.0 out of 5 stars,"(1,076)",Only 12 left in stock - order soon.,https://www.amazon.com/PlayStation-Pulse-Explore-Wireless-Earbuds-Midnight/dp/B0DSQSX7FB/ref=sr_1_62?dib=eyJ2IjoiMSJ9.7dEGhLmx8YMxwXs1FFOKR-ZSRO0GMrLZbLFuuoYqMZFIjWdR6ARyHbSqgUmxd0XVtcZ0pfP0ugWtDE4zJcCS8_kqoON2OunhclXJGjL87rtb-WdOyYguiqiOP5lV8FCV-wZBNmeYDXaM2OpRSqlysLaGe-sZBRiglAsABGOWzg_EE-vdP9RXQZ8ccYo36ybPohC1rZUy96niewMYwmYnQEt1i7jLcdBTn9W7J6HpEis.D381E0k_6DVmR_3iu8bLgasg2qSTpWmfnPedocPN8IA&dib_tag=se&keywords=playstation+5&qid=1775469653&sr=8-62
Sony PlayStation 5 Digital Edition 825gb Black Console (Renewed),,Previous set of slides,,Not Available,https://www.amazon.com/PlayStation-Digital-825gb-Console-Renewed-5/dp/B0DNTWBRJ8/ref=sr_1_63?dib=eyJ2IjoiMSJ9.7dEGhLmx8YMxwXs1FFOKR-ZSRO0GMrLZbLFuuoYqMZFIjWdR6ARyHbSqgUmxd0XVtcZ0pfP0ugWtDE4zJcCS8_kqoON2OunhclXJGjL87rtb-WdOyYguiqiOP5lV8FCV-wZBNmeYDXaM2OpRSqlysLaGe-sZBRiglAsABGOWzg_EE-vdP9RXQZ8ccYo36ybPohC1rZUy96niewMYwmYnQEt1i7jLcdBTn9W7J6HpEis.D381E0k_6DVmR_3iu8bLgasg2qSTpWmfnPedocPN8IA&dib_tag=se&keywords=playstation+5&qid=1775469653&sr=8-63
PlayStation DualSense™ Wireless Controller – Chroma Pearl,,4.8 out of 5 stars,"(1,865)",In Stock,https://www.amazon.com/PlayStation-DualSenseTM-Wireless-Controller-Gaming-Console/dp/B0DHY9CZ61/ref=sr_1_64?dib=eyJ2IjoiMSJ9.7dEGhLmx8YMxwXs1FFOKR-ZSRO0GMrLZbLFuuoYqMZFIjWdR6ARyHbSqgUmxd0XVtcZ0pfP0ugWtDE4zJcCS8_kqoON2OunhclXJGjL87rtb-WdOyYguiqiOP5lV8FCV-wZBNmeYDXaM2OpRSqlysLaGe-sZBRiglAsABGOWzg_EE-vdP9RXQZ8ccYo36ybPohC1rZUy96niewMYwmYnQEt1i7jLcdBTn9W7J6HpEis.D381E0k_6DVmR_3iu8bLgasg2qSTpWmfnPedocPN8IA&dib_tag=se&keywords=playstation+5&qid=1775469653&sr=8-64
"Samsung 990 PRO Heatsink SSD 1TB, NVMe M.2, Speeds Up to 7,450MB/s, Best for PlayStation 5 (PS5 SSD) Console Expansion MZ-V9P1T0CW",,4.7 out of 5 stars,"(4,887)",In Stock,https://www.amazon.com/SAMSUNG-Expansion-Compatible-Playstation5-MZ-V9P1T0CW/dp/B0BHJGV9WR/ref=sr_1_65?dib=eyJ2IjoiMSJ9.mIkE4Bjth5gZdztRpA7_XcI6RhB1sbGqb4r1gJMnETiqS_rfdjBfOOQUvrh1wrF73pBP3Bn04IPoKY2xFmqDf_sCkt4bkpM2UM1dJovQ0DzrdtLiSScpiPC0GKx5_47gweuk2YRt7z-qZsdJV6vPgmBhRYt-YuEdGq6Cdi5caY_nuOOJsIOT6s86pr_ujEG3JqP4_2_BQiaPj5LmgVRl2Xqf4rIITat04Tde1EmhhTQ.wTeY56xtqUBi_qLmkGa5RXcbGsmJ5N8m8Sg6_cHIzbo&dib_tag=se&keywords=playstation+5&qid=1775469657&sr=8-65
Absolum - Playstation 5,,4.8 out of 5 stars,(42),In Stock,https://www.amazon.com/Absolum-Playstation-5/dp/B0FCYQ1SWW/ref=sr_1_66?dib=eyJ2IjoiMSJ9.mIkE4Bjth5gZdztRpA7_XcI6RhB1sbGqb4r1gJMnETiqS_rfdjBfOOQUvrh1wrF73pBP3Bn04IPoKY2xFmqDf_sCkt4bkpM2UM1dJovQ0DzrdtLiSScpiPC0GKx5_47gweuk2YRt7z-qZsdJV6vPgmBhRYt-YuEdGq6Cdi5caY_nuOOJsIOT6s86pr_ujEG3JqP4_2_BQiaPj5LmgVRl2Xqf4rIITat04Tde1EmhhTQ.wTeY56xtqUBi_qLmkGa5RXcbGsmJ5N8m8Sg6_cHIzbo&dib_tag=se&keywords=playstation+5&qid=1775469657&sr=8-66
SILENT HILL: Townfall - PlayStation 5,,Previous set of slides,,"This item will be released on December 31, 2026.",https://www.amazon.com/SILENT-HILL-Townfall-PlayStation-5/dp/B0GMPN17CC/ref=sr_1_67?dib=eyJ2IjoiMSJ9.mIkE4Bjth5gZdztRpA7_XcI6RhB1sbGqb4r1gJMnETiqS_rfdjBfOOQUvrh1wrF73pBP3Bn04IPoKY2xFmqDf_sCkt4bkpM2UM1dJovQ0DzrdtLiSScpiPC0GKx5_47gweuk2YRt7z-qZsdJV6vPgmBhRYt-YuEdGq6Cdi5caY_nuOOJsIOT6s86pr_ujEG3JqP4_2_BQiaPj5LmgVRl2Xqf4rIITat04Tde1EmhhTQ.wTeY56xtqUBi_qLmkGa5RXcbGsmJ5N8m8Sg6_cHIzbo&dib_tag=se&keywords=playstation+5&qid=1775469657&sr=8-67
PlayStation 4 Pro 1TB Console,,4.7 out of 5 stars,"(12,794)",Only 1 left in stock - order soon.,https://www.amazon.com/PlayStation-4-Pro-1TB-Console/dp/B01LOP8EZC/ref=sr_1_68?dib=eyJ2IjoiMSJ9.mIkE4Bjth5gZdztRpA7_XcI6RhB1sbGqb4r1gJMnETiqS_rfdjBfOOQUvrh1wrF73pBP3Bn04IPoKY2xFmqDf_sCkt4bkpM2UM1dJovQ0DzrdtLiSScpiPC0GKx5_47gweuk2YRt7z-qZsdJV6vPgmBhRYt-YuEdGq6Cdi5caY_nuOOJsIOT6s86pr_ujEG3JqP4_2_BQiaPj5LmgVRl2Xqf4rIITat04Tde1EmhhTQ.wTeY56xtqUBi_qLmkGa5RXcbGsmJ5N8m8Sg6_cHIzbo&dib_tag=se&keywords=playstation+5&qid=1775469657&sr=8-68
PlayStation DualSense® Wireless Controller - Cosmic Red,,4.7 out of 5 stars,"(2,574)",Only 7 left in stock - order soon.,https://www.amazon.com/PlayStation-DualSense%C2%AE-Wireless-Controller-Cosmic-5/dp/B0CQKKNLKH/ref=sr_1_69?dib=eyJ2IjoiMSJ9.mIkE4Bjth5gZdztRpA7_XcI6RhB1sbGqb4r1gJMnETiqS_rfdjBfOOQUvrh1wrF73pBP3Bn04IPoKY2xFmqDf_sCkt4bkpM2UM1dJovQ0DzrdtLiSScpiPC0GKx5_47gweuk2YRt7z-qZsdJV6vPgmBhRYt-YuEdGq6Cdi5caY_nuOOJsIOT6s86pr_ujEG3JqP4_2_BQiaPj5LmgVRl2Xqf4rIITat04Tde1EmhhTQ.wTeY56xtqUBi_qLmkGa5RXcbGsmJ5N8m8Sg6_cHIzbo&dib_tag=se&keywords=playstation+5&qid=1775469657&sr=8-69
PlayStation 4 Slim 1TB Limited Edition Console - Days of Play Bundle [Discontinued],,4.2 out of 5 stars,(823),Only 1 left in stock - order soon.,https://www.amazon.com/PlayStation-Slim-1TB-Limited-Console-4/dp/B07DMC3M42/ref=sr_1_70?dib=eyJ2IjoiMSJ9.mIkE4Bjth5gZdztRpA7_XcI6RhB1sbGqb4r1gJMnETiqS_rfdjBfOOQUvrh1wrF73pBP3Bn04IPoKY2xFmqDf_sCkt4bkpM2UM1dJovQ0DzrdtLiSScpiPC0GKx5_47gweuk2YRt7z-qZsdJV6vPgmBhRYt-YuEdGq6Cdi5caY_nuOOJsIOT6s86pr_ujEG3JqP4_2_BQiaPj5LmgVRl2Xqf4rIITat04Tde1EmhhTQ.wTeY56xtqUBi_qLmkGa5RXcbGsmJ5N8m8Sg6_cHIzbo&dib_tag=se&keywords=playstation+5&qid=1775469657&sr=8-70
Playstation 5 DualSense Wireless Controller - White (Renewed),,3.9 out of 5 stars,"(2,051)",Not Available,https://www.amazon.com/Playstation-DualSense-Wireless-Controller-Renewed-5/dp/B092LJJYDQ/ref=sr_1_71?dib=eyJ2IjoiMSJ9.mIkE4Bjth5gZdztRpA7_XcI6RhB1sbGqb4r1gJMnETiqS_rfdjBfOOQUvrh1wrF73pBP3Bn04IPoKY2xFmqDf_sCkt4bkpM2UM1dJovQ0DzrdtLiSScpiPC0GKx5_47gweuk2YRt7z-qZsdJV6vPgmBhRYt-YuEdGq6Cdi5caY_nuOOJsIOT6s86pr_ujEG3JqP4_2_BQiaPj5LmgVRl2Xqf4rIITat04Tde1EmhhTQ.wTeY56xtqUBi_qLmkGa5RXcbGsmJ5N8m8Sg6_cHIzbo&dib_tag=se&keywords=playstation+5&qid=1775469657&sr=8-71
PlayStation DualSense Wireless Controller – Galactic Purple,,4.7 out of 5 stars,"(11,008)",In Stock,https://www.amazon.com/PlayStation-DualSense-Wireless-Controller-Galactic-5/dp/B09RBZ134K/ref=sr_1_72?dib=eyJ2IjoiMSJ9.mIkE4Bjth5gZdztRpA7_XcI6RhB1sbGqb4r1gJMnETiqS_rfdjBfOOQUvrh1wrF73pBP3Bn04IPoKY2xFmqDf_sCkt4bkpM2UM1dJovQ0DzrdtLiSScpiPC0GKx5_47gweuk2YRt7z-qZsdJV6vPgmBhRYt-YuEdGq6Cdi5caY_nuOOJsIOT6s86pr_ujEG3JqP4_2_BQiaPj5LmgVRl2Xqf4rIITat04Tde1EmhhTQ.wTeY56xtqUBi_qLmkGa5RXcbGsmJ5N8m8Sg6_cHIzbo&dib_tag=se&keywords=playstation+5&qid=1775469657&sr=8-72
"SANDISK 2TB Extreme Portable SSD, Officially Licensed for PlayStation 5 Console and PC - up to 1000MB/s, USB-C, USB 3.2 Gen 2, Drop Protection - External Solid State Drive - SDSSDE62P-2T00-G25",,4.5 out of 5 stars,(142),In Stock,https://www.amazon.com/SanDisk-Portable-Officially-Licensed-PlayStation/dp/B0DQWTLPSJ/ref=sr_1_73?dib=eyJ2IjoiMSJ9.mIkE4Bjth5gZdztRpA7_XcI6RhB1sbGqb4r1gJMnETiqS_rfdjBfOOQUvrh1wrF73pBP3Bn04IPoKY2xFmqDf_sCkt4bkpM2UM1dJovQ0DzrdtLiSScpiPC0GKx5_47gweuk2YRt7z-qZsdJV6vPgmBhRYt-YuEdGq6Cdi5caY_nuOOJsIOT6s86pr_ujEG3JqP4_2_BQiaPj5LmgVRl2Xqf4rIITat04Tde1EmhhTQ.wTeY56xtqUBi_qLmkGa5RXcbGsmJ5N8m8Sg6_cHIzbo&dib_tag=se&keywords=playstation+5&qid=1775469657&sr=8-73
The Adventures of Elliot: The Millennium Tales - Amazon Exclusive Edition (PlayStation 5),,Previous set of slides,,"This item will be released on June 18, 2026.",https://www.amazon.com/Adventures-Elliot-Millennium-Amazon-Exclusive-PlayStation/dp/B0GLRZCWMT/ref=sr_1_74?dib=eyJ2IjoiMSJ9.mIkE4Bjth5gZdztRpA7_XcI6RhB1sbGqb4r1gJMnETiqS_rfdjBfOOQUvrh1wrF73pBP3Bn04IPoKY2xFmqDf_sCkt4bkpM2UM1dJovQ0DzrdtLiSScpiPC0GKx5_47gweuk2YRt7z-qZsdJV6vPgmBhRYt-YuEdGq6Cdi5caY_nuOOJsIOT6s86pr_ujEG3JqP4_2_BQiaPj5LmgVRl2Xqf4rIITat04Tde1EmhhTQ.wTeY56xtqUBi_qLmkGa5RXcbGsmJ5N8m8Sg6_cHIzbo&dib_tag=se&keywords=playstation+5&qid=1775469657&sr=8-74
"Star Wars Outlaws - Limited Edition (Amazon Exclusive), PlayStation 5",,4.5 out of 5 stars,"(1,416)",Only 1 left in stock - order soon.,https://www.amazon.com/Star-Wars-Outlaws-Limited-Exclusive-PlayStation/dp/B0D187PJHJ/ref=sr_1_75?dib=eyJ2IjoiMSJ9.mIkE4Bjth5gZdztRpA7_XcI6RhB1sbGqb4r1gJMnETiqS_rfdjBfOOQUvrh1wrF73pBP3Bn04IPoKY2xFmqDf_sCkt4bkpM2UM1dJovQ0DzrdtLiSScpiPC0GKx5_47gweuk2YRt7z-qZsdJV6vPgmBhRYt-YuEdGq6Cdi5caY_nuOOJsIOT6s86pr_ujEG3JqP4_2_BQiaPj5LmgVRl2Xqf4rIITat04Tde1EmhhTQ.wTeY56xtqUBi_qLmkGa5RXcbGsmJ5N8m8Sg6_cHIzbo&dib_tag=se&keywords=playstation+5&qid=1775469657&sr=8-75
"SANDISK 1TB Extreme Portable SSD, Officially Licensed for PlayStation 5 Console and PC - up to 1000MB/s, USB-C, USB 3.2 Gen 2, Drop Protection - External Solid State Drive - SDSSDE62P-1T00-G25",,4.5 out of 5 stars,(142),In Stock,https://www.amazon.com/SanDisk-Portable-Officially-Licensed-PlayStation/dp/B0DQWHWWNS/ref=sr_1_76?dib=eyJ2IjoiMSJ9.mIkE4Bjth5gZdztRpA7_XcI6RhB1sbGqb4r1gJMnETiqS_rfdjBfOOQUvrh1wrF73pBP3Bn04IPoKY2xFmqDf_sCkt4bkpM2UM1dJovQ0DzrdtLiSScpiPC0GKx5_47gweuk2YRt7z-qZsdJV6vPgmBhRYt-YuEdGq6Cdi5caY_nuOOJsIOT6s86pr_ujEG3JqP4_2_BQiaPj5LmgVRl2Xqf4rIITat04Tde1EmhhTQ.wTeY56xtqUBi_qLmkGa5RXcbGsmJ5N8m8Sg6_cHIzbo&dib_tag=se&keywords=playstation+5&qid=1775469657&sr=8-76
"WD_BLACK 5TB P10 Game Drive, Portable External Hard Drive, Works with Playstation, Xbox, & PC - WDBA3A0050BBK-WESN",,4.7 out of 5 stars,"(25,268)",Not Available,https://www.amazon.com/WD_Black-Drive-External-Compatible-WDBA3A0050BBK-WESN/dp/B07VNTFHD5/ref=sr_1_77?dib=eyJ2IjoiMSJ9.mIkE4Bjth5gZdztRpA7_XcI6RhB1sbGqb4r1gJMnETiqS_rfdjBfOOQUvrh1wrF73pBP3Bn04IPoKY2xFmqDf_sCkt4bkpM2UM1dJovQ0DzrdtLiSScpiPC0GKx5_47gweuk2YRt7z-qZsdJV6vPgmBhRYt-YuEdGq6Cdi5caY_nuOOJsIOT6s86pr_ujEG3JqP4_2_BQiaPj5LmgVRl2Xqf4rIITat04Tde1EmhhTQ.wTeY56xtqUBi_qLmkGa5RXcbGsmJ5N8m8Sg6_cHIzbo&dib_tag=se&keywords=playstation+5&qid=1775469657&sr=8-77
Sony Playstation 3 160GB System (Renewed),,3.8 out of 5 stars,(868),,https://www.amazon.com/Playstation-160GB-System-Certified-Refurbished-3/dp/B07D9VTVXM/ref=sr_1_78?dib=eyJ2IjoiMSJ9.mIkE4Bjth5gZdztRpA7_XcI6RhB1sbGqb4r1gJMnETiqS_rfdjBfOOQUvrh1wrF73pBP3Bn04IPoKY2xFmqDf_sCkt4bkpM2UM1dJovQ0DzrdtLiSScpiPC0GKx5_47gweuk2YRt7z-qZsdJV6vPgmBhRYt-YuEdGq6Cdi5caY_nuOOJsIOT6s86pr_ujEG3JqP4_2_BQiaPj5LmgVRl2Xqf4rIITat04Tde1EmhhTQ.wTeY56xtqUBi_qLmkGa5RXcbGsmJ5N8m8Sg6_cHIzbo&dib_tag=se&keywords=playstation+5&qid=1775469657&sr=8-78
Playstation Media Remote,,4.4 out of 5 stars,"(13,757)",Not Available,https://www.amazon.com/Media-Remote-PlayStation-5/dp/B08FC5R4KV/ref=sr_1_79?dib=eyJ2IjoiMSJ9.mIkE4Bjth5gZdztRpA7_XcI6RhB1sbGqb4r1gJMnETiqS_rfdjBfOOQUvrh1wrF73pBP3Bn04IPoKY2xFmqDf_sCkt4bkpM2UM1dJovQ0DzrdtLiSScpiPC0GKx5_47gweuk2YRt7z-qZsdJV6vPgmBhRYt-YuEdGq6Cdi5caY_nuOOJsIOT6s86pr_ujEG3JqP4_2_BQiaPj5LmgVRl2Xqf4rIITat04Tde1EmhhTQ.wTeY56xtqUBi_qLmkGa5RXcbGsmJ5N8m8Sg6_cHIzbo&dib_tag=se&keywords=playstation+5&qid=1775469657&sr=8-79
WWE 2K26 - PlayStation 5,,3.8 out of 5 stars,(46),In Stock,https://www.amazon.com/WWE-2K26-PlayStation-5/dp/B0GKQP5QTN/ref=sr_1_80?dib=eyJ2IjoiMSJ9.mIkE4Bjth5gZdztRpA7_XcI6RhB1sbGqb4r1gJMnETiqS_rfdjBfOOQUvrh1wrF73pBP3Bn04IPoKY2xFmqDf_sCkt4bkpM2UM1dJovQ0DzrdtLiSScpiPC0GKx5_47gweuk2YRt7z-qZsdJV6vPgmBhRYt-YuEdGq6Cdi5caY_nuOOJsIOT6s86pr_ujEG3JqP4_2_BQiaPj5LmgVRl2Xqf4rIITat04Tde1EmhhTQ.wTeY56xtqUBi_qLmkGa5RXcbGsmJ5N8m8Sg6_cHIzbo&dib_tag=se&keywords=playstation+5&qid=1775469657&sr=8-80
EA SPORTS College Football 26 - PlayStation 5 - disc,,4.8 out of 5 stars,"(1,225)",,https://www.amazon.com/EA-SPORTS-College-Football-26-PlayStation/dp/B0F64HM6B5/ref=sr_1_81?dib=eyJ2IjoiMSJ9.Q5WaR2XTMVgbmR6zgO9er7nF_7Hx1LOr0DGN5OxY3zkhzWi8gy1k1uw0O1RKqpgcAtKGoypBjc2Rec2FViMBzfXISMZwEzMCNbL3Lah6JQkm_y9EPWhNvmnl3Ul1jbIl48A9A-WBUho8q1FlSyVrIymuKWgeMkOIrjciiDcKAJSJ52qwYTgKyhg73eD7lnlKMh1xb5quAsoGhy5fI7tYzvN8Hw8MOO0FtZoeH4Iz0mw.rjTlWLwOyPhDibahVOYODLgawcQHrJeY0a3xeC7y640&dib_tag=se&keywords=playstation+5&qid=1775469661&sr=8-81
Sony DualSense Edge Pour PS5 Black and White,,3.7 out of 5 stars,(30),Only 11 left in stock - order soon.,https://www.amazon.com/Sony-Dualsense-Bluetooth-W128299805-PlayStation/dp/B0D3WDBKT7/ref=sr_1_82?dib=eyJ2IjoiMSJ9.Q5WaR2XTMVgbmR6zgO9er7nF_7Hx1LOr0DGN5OxY3zkhzWi8gy1k1uw0O1RKqpgcAtKGoypBjc2Rec2FViMBzfXISMZwEzMCNbL3Lah6JQkm_y9EPWhNvmnl3Ul1jbIl48A9A-WBUho8q1FlSyVrIymuKWgeMkOIrjciiDcKAJSJ52qwYTgKyhg73eD7lnlKMh1xb5quAsoGhy5fI7tYzvN8Hw8MOO0FtZoeH4Iz0mw.rjTlWLwOyPhDibahVOYODLgawcQHrJeY0a3xeC7y640&dib_tag=se&keywords=playstation+5&qid=1775469661&sr=8-82
"Razer BlackShark V2 X PlayStation Gaming Headset: 50mm Drivers - Cardioid Mic - Lightweight - Comfortable, Noise Isolating Earcups - for PS5, Xbox Series X, PC, Switch via 3.5 mm Audio Jack - Black",,4.4 out of 5 stars,"(27,180)",In Stock,https://www.amazon.com/Razer-BlackShark-PlayStation-Gaming-Headset-5/dp/B0CXH14PPD/ref=sr_1_83?dib=eyJ2IjoiMSJ9.Q5WaR2XTMVgbmR6zgO9er7nF_7Hx1LOr0DGN5OxY3zkhzWi8gy1k1uw0O1RKqpgcAtKGoypBjc2Rec2FViMBzfXISMZwEzMCNbL3Lah6JQkm_y9EPWhNvmnl3Ul1jbIl48A9A-WBUho8q1FlSyVrIymuKWgeMkOIrjciiDcKAJSJ52qwYTgKyhg73eD7lnlKMh1xb5quAsoGhy5fI7tYzvN8Hw8MOO0FtZoeH4Iz0mw.rjTlWLwOyPhDibahVOYODLgawcQHrJeY0a3xeC7y640&dib_tag=se&keywords=playstation+5&qid=1775469661&sr=8-83
PlayStation 5 Console - Limited Edition Spider-Man 2 Bundle (Renewed),,Previous set of slides,,Not Available,https://www.amazon.com/PlayStation-Console-Limited-Spider-Man-Renewed-5/dp/B0CKWJGBK5/ref=sr_1_84?dib=eyJ2IjoiMSJ9.Q5WaR2XTMVgbmR6zgO9er7nF_7Hx1LOr0DGN5OxY3zkhzWi8gy1k1uw0O1RKqpgcAtKGoypBjc2Rec2FViMBzfXISMZwEzMCNbL3Lah6JQkm_y9EPWhNvmnl3Ul1jbIl48A9A-WBUho8q1FlSyVrIymuKWgeMkOIrjciiDcKAJSJ52qwYTgKyhg73eD7lnlKMh1xb5quAsoGhy5fI7tYzvN8Hw8MOO0FtZoeH4Iz0mw.rjTlWLwOyPhDibahVOYODLgawcQHrJeY0a3xeC7y640&dib_tag=se&keywords=playstation+5&qid=1775469661&sr=8-84
"Logitech G29 Driving Force Racing Wheel and Floor Pedals, Real Force Feedback, Stainless Steel Paddle Shifters, Leather Steering Wheel Cover for PS5, PS4, PC, Mac - Black",,4.6 out of 5 stars,"(21,149)",In Stock,https://www.amazon.com/Logitech-Dual-motor-Feedback-Responsive-PlayStation/dp/B00Z0UWWYC/ref=sr_1_85?dib=eyJ2IjoiMSJ9.Q5WaR2XTMVgbmR6zgO9er7nF_7Hx1LOr0DGN5OxY3zkhzWi8gy1k1uw0O1RKqpgcAtKGoypBjc2Rec2FViMBzfXISMZwEzMCNbL3Lah6JQkm_y9EPWhNvmnl3Ul1jbIl48A9A-WBUho8q1FlSyVrIymuKWgeMkOIrjciiDcKAJSJ52qwYTgKyhg73eD7lnlKMh1xb5quAsoGhy5fI7tYzvN8Hw8MOO0FtZoeH4Iz0mw.rjTlWLwOyPhDibahVOYODLgawcQHrJeY0a3xeC7y640&dib_tag=se&keywords=playstation+5&qid=1775469661&sr=8-85
Sony PlayStation 4 Pro 1TB Console - Black (PS4 Pro),,4.4 out of 5 stars,"(4,158)",Only 1 left in stock - order soon.,https://www.amazon.com/Sony-PlayStation-Pro-1TB-Console-4/dp/B07K14XKZH/ref=sr_1_86?dib=eyJ2IjoiMSJ9.Q5WaR2XTMVgbmR6zgO9er7nF_7Hx1LOr0DGN5OxY3zkhzWi8gy1k1uw0O1RKqpgcAtKGoypBjc2Rec2FViMBzfXISMZwEzMCNbL3Lah6JQkm_y9EPWhNvmnl3Ul1jbIl48A9A-WBUho8q1FlSyVrIymuKWgeMkOIrjciiDcKAJSJ52qwYTgKyhg73eD7lnlKMh1xb5quAsoGhy5fI7tYzvN8Hw8MOO0FtZoeH4Iz0mw.rjTlWLwOyPhDibahVOYODLgawcQHrJeY0a3xeC7y640&dib_tag=se&keywords=playstation+5&qid=1775469661&sr=8-86
"UGREEN USB-C Bluetooth Adapter for PS5, Bluetooth 5.3 Audio Adapter with APTX Low Latency & aptX-Adaptive, Wireless Audio Transmitter to Connect Wireless Headphones & Earbuds",,4.4 out of 5 stars,"(1,986)",In Stock,https://www.amazon.com/UGREEN-Bluetooth-aptX-Adaptive-Transmitter-Headphones/dp/B0D7CKV1J8/ref=sr_1_87?dib=eyJ2IjoiMSJ9.Q5WaR2XTMVgbmR6zgO9er7nF_7Hx1LOr0DGN5OxY3zkhzWi8gy1k1uw0O1RKqpgcAtKGoypBjc2Rec2FViMBzfXISMZwEzMCNbL3Lah6JQkm_y9EPWhNvmnl3Ul1jbIl48A9A-WBUho8q1FlSyVrIymuKWgeMkOIrjciiDcKAJSJ52qwYTgKyhg73eD7lnlKMh1xb5quAsoGhy5fI7tYzvN8Hw8MOO0FtZoeH4Iz0mw.rjTlWLwOyPhDibahVOYODLgawcQHrJeY0a3xeC7y640&dib_tag=se&keywords=playstation+5&qid=1775469661&sr=8-87
Marvel Cosmic Invasion Deluxe Edition - PlayStation 5,,Previous set of slides,,"This item will be released on April 17, 2026.",https://www.amazon.com/Marvel-Cosmic-Invasion-Deluxe-PlayStation-5/dp/B0G3CG6GVW/ref=sr_1_88?dib=eyJ2IjoiMSJ9.Q5WaR2XTMVgbmR6zgO9er7nF_7Hx1LOr0DGN5OxY3zkhzWi8gy1k1uw0O1RKqpgcAtKGoypBjc2Rec2FViMBzfXISMZwEzMCNbL3Lah6JQkm_y9EPWhNvmnl3Ul1jbIl48A9A-WBUho8q1FlSyVrIymuKWgeMkOIrjciiDcKAJSJ52qwYTgKyhg73eD7lnlKMh1xb5quAsoGhy5fI7tYzvN8Hw8MOO0FtZoeH4Iz0mw.rjTlWLwOyPhDibahVOYODLgawcQHrJeY0a3xeC7y640&dib_tag=se&keywords=playstation+5&qid=1775469661&sr=8-88
UNCHARTED: Legacy of Thieves Collection - PlayStation 5,,4.8 out of 5 stars,"(2,111)",In Stock,https://www.amazon.com/UNCHARTED-Legacy-Thieves-Collection-PlayStation-5/dp/B09NB7XNVB/ref=sr_1_89?dib=eyJ2IjoiMSJ9.Q5WaR2XTMVgbmR6zgO9er7nF_7Hx1LOr0DGN5OxY3zkhzWi8gy1k1uw0O1RKqpgcAtKGoypBjc2Rec2FViMBzfXISMZwEzMCNbL3Lah6JQkm_y9EPWhNvmnl3Ul1jbIl48A9A-WBUho8q1FlSyVrIymuKWgeMkOIrjciiDcKAJSJ52qwYTgKyhg73eD7lnlKMh1xb5quAsoGhy5fI7tYzvN8Hw8MOO0FtZoeH4Iz0mw.rjTlWLwOyPhDibahVOYODLgawcQHrJeY0a3xeC7y640&dib_tag=se&keywords=playstation+5&qid=1775469661&sr=8-89
"Sony INZONE H5 Wireless Gaming Headset, 360 Spatial Sound, Works with PC, PS5, 28 Hour Battery, 2.4Ghz Wireless and 3.5mm Audio Jack, WH-G500 White",,4.5 out of 5 stars,(345),Only 4 left in stock - order soon.,https://www.amazon.com/Sony-Wireless-Headset-Spatial-Battery/dp/B0CJGV2DQT/ref=sr_1_90?dib=eyJ2IjoiMSJ9.Q5WaR2XTMVgbmR6zgO9er7nF_7Hx1LOr0DGN5OxY3zkhzWi8gy1k1uw0O1RKqpgcAtKGoypBjc2Rec2FViMBzfXISMZwEzMCNbL3Lah6JQkm_y9EPWhNvmnl3Ul1jbIl48A9A-WBUho8q1FlSyVrIymuKWgeMkOIrjciiDcKAJSJ52qwYTgKyhg73eD7lnlKMh1xb5quAsoGhy5fI7tYzvN8Hw8MOO0FtZoeH4Iz0mw.rjTlWLwOyPhDibahVOYODLgawcQHrJeY0a3xeC7y640&dib_tag=se&keywords=playstation+5&qid=1775469661&sr=8-90
"Logitech G Astro A50 Multi-Platform Wireless Gaming Headset + Base Station for PS5/Xbox/PC: PLAYSYNC Audio Switcher, <16bit/48kHz (Console), <24bit/48kHz (PC), 24hr Battery, 2.4GHz & BT - Black",,4.3 out of 5 stars,"(1,055)",,https://www.amazon.com/Logitech-Omni-Platform-Wireless-Headset-Station/dp/B0DB7ZW7J4/ref=sr_1_91?dib=eyJ2IjoiMSJ9.Q5WaR2XTMVgbmR6zgO9er7nF_7Hx1LOr0DGN5OxY3zkhzWi8gy1k1uw0O1RKqpgcAtKGoypBjc2Rec2FViMBzfXISMZwEzMCNbL3Lah6JQkm_y9EPWhNvmnl3Ul1jbIl48A9A-WBUho8q1FlSyVrIymuKWgeMkOIrjciiDcKAJSJ52qwYTgKyhg73eD7lnlKMh1xb5quAsoGhy5fI7tYzvN8Hw8MOO0FtZoeH4Iz0mw.rjTlWLwOyPhDibahVOYODLgawcQHrJeY0a3xeC7y640&dib_tag=se&keywords=playstation+5&qid=1775469661&sr=8-91
LEGO Harry Potter Collection - PlayStation 5,,5.0 out of 5 stars,(31),Only 15 left in stock - order soon.,https://www.amazon.com/LEGO-Harry-Potter-Collection-PlayStation-5/dp/B0F4FTPQFY/ref=sr_1_92?dib=eyJ2IjoiMSJ9.Q5WaR2XTMVgbmR6zgO9er7nF_7Hx1LOr0DGN5OxY3zkhzWi8gy1k1uw0O1RKqpgcAtKGoypBjc2Rec2FViMBzfXISMZwEzMCNbL3Lah6JQkm_y9EPWhNvmnl3Ul1jbIl48A9A-WBUho8q1FlSyVrIymuKWgeMkOIrjciiDcKAJSJ52qwYTgKyhg73eD7lnlKMh1xb5quAsoGhy5fI7tYzvN8Hw8MOO0FtZoeH4Iz0mw.rjTlWLwOyPhDibahVOYODLgawcQHrJeY0a3xeC7y640&dib_tag=se&keywords=playstation+5&qid=1775469661&sr=8-92
"PlayStation 5 Slim Digital with 1TB SSD Storage, Console Only - PS5 Gaming System, White [video game] (Renewed) [video game]",,Previous set of slides,,Not Available,https://www.amazon.com/PlayStation-Slim-Digital-Storage-Console-5/dp/B0DSM2HL4X/ref=sr_1_93?dib=eyJ2IjoiMSJ9.Q5WaR2XTMVgbmR6zgO9er7nF_7Hx1LOr0DGN5OxY3zkhzWi8gy1k1uw0O1RKqpgcAtKGoypBjc2Rec2FViMBzfXISMZwEzMCNbL3Lah6JQkm_y9EPWhNvmnl3Ul1jbIl48A9A-WBUho8q1FlSyVrIymuKWgeMkOIrjciiDcKAJSJ52qwYTgKyhg73eD7lnlKMh1xb5quAsoGhy5fI7tYzvN8Hw8MOO0FtZoeH4Iz0mw.rjTlWLwOyPhDibahVOYODLgawcQHrJeY0a3xeC7y640&dib_tag=se&keywords=playstation+5&qid=1775469661&sr=8-93
"PULSE Elite Wireless Headset - For PS5, PC & MAC",,3.9 out of 5 stars,(372),In Stock,https://www.amazon.com/PULSE-Elite-Wireless-Headset-PlayStation-5/dp/B0G5SCBH91/ref=sr_1_94?dib=eyJ2IjoiMSJ9.Q5WaR2XTMVgbmR6zgO9er7nF_7Hx1LOr0DGN5OxY3zkhzWi8gy1k1uw0O1RKqpgcAtKGoypBjc2Rec2FViMBzfXISMZwEzMCNbL3Lah6JQkm_y9EPWhNvmnl3Ul1jbIl48A9A-WBUho8q1FlSyVrIymuKWgeMkOIrjciiDcKAJSJ52qwYTgKyhg73eD7lnlKMh1xb5quAsoGhy5fI7tYzvN8Hw8MOO0FtZoeH4Iz0mw.rjTlWLwOyPhDibahVOYODLgawcQHrJeY0a3xeC7y640&dib_tag=se&keywords=playstation+5&qid=1775469661&sr=8-94
Gran Turismo 7 Standard Edition - PlayStation 5,,4.7 out of 5 stars,"(2,012)",In Stock,https://www.amazon.com/Gran-Turismo-7-Standard-PlayStation-5/dp/B09SW6GCGL/ref=sr_1_95?dib=eyJ2IjoiMSJ9.Q5WaR2XTMVgbmR6zgO9er7nF_7Hx1LOr0DGN5OxY3zkhzWi8gy1k1uw0O1RKqpgcAtKGoypBjc2Rec2FViMBzfXISMZwEzMCNbL3Lah6JQkm_y9EPWhNvmnl3Ul1jbIl48A9A-WBUho8q1FlSyVrIymuKWgeMkOIrjciiDcKAJSJ52qwYTgKyhg73eD7lnlKMh1xb5quAsoGhy5fI7tYzvN8Hw8MOO0FtZoeH4Iz0mw.rjTlWLwOyPhDibahVOYODLgawcQHrJeY0a3xeC7y640&dib_tag=se&keywords=playstation+5&qid=1775469661&sr=8-95
Elden Ring - PlayStation 5,,4.6 out of 5 stars,"(6,111)",In Stock,https://www.amazon.com/Elden-Ring-PlayStation-5/dp/B09743F8P6/ref=sr_1_96?dib=eyJ2IjoiMSJ9.Q5WaR2XTMVgbmR6zgO9er7nF_7Hx1LOr0DGN5OxY3zkhzWi8gy1k1uw0O1RKqpgcAtKGoypBjc2Rec2FViMBzfXISMZwEzMCNbL3Lah6JQkm_y9EPWhNvmnl3Ul1jbIl48A9A-WBUho8q1FlSyVrIymuKWgeMkOIrjciiDcKAJSJ52qwYTgKyhg73eD7lnlKMh1xb5quAsoGhy5fI7tYzvN8Hw8MOO0FtZoeH4Iz0mw.rjTlWLwOyPhDibahVOYODLgawcQHrJeY0a3xeC7y640&dib_tag=se&keywords=playstation+5&qid=1775469661&sr=8-96
"Kado Portable Monitor 15.6-inch FHD 1080p, 45W Reverse Charging Ultra-Slim Laptop Monitor 1920x1080 with Built-in Speakers, IPS Display 180° Kickstand for PC, Mac, Phone, Xbox, PS5, USB-C & Mini HDMI",,4.3 out of 5 stars,(159),In Stock,https://www.amazon.com/sspa/click?ie=UTF8&spc=MTo1MjcyNzE3ODY4NTg2OTk3OjE3NzU0Njk2NjU6c3BfYXRmX25leHQ6MzAwNTczMDA5MjM0MjAyOjowOjo&url=%2FKado-Ultra-Slim-1920x1080-Kickstand-Connectivity%2Fdp%2FB0DLW7JXK4%2Fref%3Dsr_1_97_sspa%3Fdib%3DeyJ2IjoiMSJ9.f3XHN5WGuI2-4G819TNimB9a-9DZbXMqVoEv0VFv2aDROn4X_dJwaw11QWbBxi77xcdwIE4KGTz5dxjndtj8TRgRRIk_YnwLoZMKGFBbxnzlTpmZHv7nClW5NX1M4-FlmzOUcnpRea-axVNYXiaXNDhx7U_zlKiw6TdtFSRhQIUVOD2YZQXts86xcJNSv_TOcEllrRTI-TK5yBIWPpJKKNyLYj3RE8D35Xw2lJ_9_sw.vdn0pVWzligRE_EVOsKMnOIHWwl7KCztrpDHR9keGSg%26dib_tag%3Dse%26keywords%3Dplaystation%2B5%26qid%3D1775469665%26sr%3D8-97-spons%26sp_csd%3Dd2lkZ2V0TmFtZT1zcF9hdGZfbmV4dA%26psc%3D1
"ASUS ROG Delta II Wireless Gaming Headset with Detachable Mic – Tri-Mode (BT, 2.4GHz, 3.5mm), 50mm Titanium-Plated Drivers, 110Hr Battery, Lightweight, for PC, PS5, PS4, Xbox, Switch, Mobile - Black",,4.4 out of 5 stars,(315),In Stock,https://www.amazon.com/sspa/click?ie=UTF8&spc=MTo1MjcyNzE3ODY4NTg2OTk3OjE3NzU0Njk2NjU6c3BfYXRmX25leHQ6MzAwODgwMzUyMjA3NjAyOjowOjo&url=%2FASUS-ROG-II-Wireless-Detachable%2Fdp%2FB0DGZY13L6%2Fref%3Dsr_1_98_sspa%3Fdib%3DeyJ2IjoiMSJ9.f3XHN5WGuI2-4G819TNimB9a-9DZbXMqVoEv0VFv2aDROn4X_dJwaw11QWbBxi77xcdwIE4KGTz5dxjndtj8TRgRRIk_YnwLoZMKGFBbxnzlTpmZHv7nClW5NX1M4-FlmzOUcnpRea-axVNYXiaXNDhx7U_zlKiw6TdtFSRhQIUVOD2YZQXts86xcJNSv_TOcEllrRTI-TK5yBIWPpJKKNyLYj3RE8D35Xw2lJ_9_sw.vdn0pVWzligRE_EVOsKMnOIHWwl7KCztrpDHR9keGSg%26dib_tag%3Dse%26keywords%3Dplaystation%2B5%26qid%3D1775469665%26sr%3D8-98-spons%26sp_csd%3Dd2lkZ2V0TmFtZT1zcF9hdGZfbmV4dA%26psc%3D1
PlayStation DualSense Edge Stick Module,,4.7 out of 5 stars,"(1,492)",Not Available,https://www.amazon.com/PlayStation-DualSense-Edge-Stick-Module-5/dp/B0BK9Y5FYG/ref=sr_1_99?dib=eyJ2IjoiMSJ9.f3XHN5WGuI2-4G819TNimB9a-9DZbXMqVoEv0VFv2aDROn4X_dJwaw11QWbBxi77xcdwIE4KGTz5dxjndtj8TRgRRIk_YnwLoZMKGFBbxnzlTpmZHv7nClW5NX1M4-FlmzOUcnpRea-axVNYXiaXNDhx7U_zlKiw6TdtFSRhQIUVOD2YZQXts86xcJNSv_TOcEllrRTI-TK5yBIWPpJKKNyLYj3RE8D35Xw2lJ_9_sw.vdn0pVWzligRE_EVOsKMnOIHWwl7KCztrpDHR9keGSg&dib_tag=se&keywords=playstation+5&qid=1775469665&sr=8-99
